order_id,source_order_id,parent_order_id,lot_id,grade,steel_group,width,thickness,tons,backlog,due_date,roll_type,line_capability,priority,due_bucket,due_rank,line,line_source,proc_hours_big,proc_hours_small,proc_hours,is_virtual,force_break_before,campaign_id,seq,prev_width,prev_thickness,prev_group,width_drop,narrow_to_wide,width_jump_violation,thickness_violation,group_switch,non_pc_direct_switch,temp_conflict,line_order_local,global_seq,line_seq,campaign_seq,campaign_real_seq,line_name,width_jump_violation_real,thickness_violation_real,non_pc_direct_switch_real
0030084442-000090#M0291-L01,0030084442-000090,0030084442-000090,0030084442-000090-L01,HC340/590DP,DP,1764.0,1.8,25.5,60.0,2025-10-31,大辊,big_only,3,overdue,0,big_roll,big_only,0.2125,0.26842105263157895,0.2125,False,False,1,1,,,,,False,False,False,False,False,False,1,1,1,1,1,大辊线,False,False,False
VIRTUAL-00001,,,,VIRTUAL_PC,PC,1758.5,1.5,0.0,0.0,,,,0,slack,3,big_roll,virtual,,,0.0,True,False,1,2,1764.0,1.8,DP,5.5,False,False,False,True,False,False,2,2,2,2,2,大辊线,False,False,False
0030085385-000020#M0172-L01,0030085385-000020,0030085385-000020,0030085385-000020-L01,T280VK,DP,1753.0,1.2,25.5,120.0,2025-10-31,大辊,big_only,3,overdue,0,big_roll,big_only,0.2125,0.26842105263157895,0.2125,False,False,1,3,1758.5,1.5,PC,5.5,False,False,False,True,False,False,3,3,3,3,3,大辊线,False,False,False
VIRTUAL-00002,,,,VIRTUAL_PC,PC,1742.5,1.0,0.0,0.0,,,,0,slack,3,big_roll,virtual,,,0.0,True,False,1,4,1753.0,1.2,DP,10.5,False,False,False,True,False,False,4,4,4,4,4,大辊线,False,False,False
0030086469-000010#M0017-L01,0030086469-000010,0030086469-000010,0030086469-000010-L01,HC180Y,BH,1732.0,0.8,25.5,88.0,2025-10-25,大辊,big_only,3,overdue,0,big_roll,big_only,0.2361111111111111,0.2982456140350877,0.2361111111111111,False,False,1,5,1742.5,1.0,PC,10.5,False,False,False,True,False,False,5,5,5,5,5,大辊线,False,False,False
VIRTUAL-00003,,,,VIRTUAL_PC,PC,1658.0,1.0,0.0,0.0,,,,0,slack,3,big_roll,virtual,,,0.0,True,False,1,6,1732.0,0.8,BH,74.0,False,False,False,True,False,False,6,6,6,6,6,大辊线,False,False,False
0030084781-000010#M0230-L01,0030084781-000010,0030084781-000010,0030084781-000010-L01,HC340/590DP,DP,1584.0,1.2,24.0,104.0,2025-10-31,大辊,big_only,3,overdue,0,big_roll,big_only,0.2,0.25263157894736843,0.2,False,False,1,7,1658.0,1.0,PC,74.0,False,False,False,True,False,False,7,7,7,7,7,大辊线,False,False,False
VIRTUAL-00004,,,,VIRTUAL_PC,PC,1583.0,0.95,0.0,0.0,,,,0,slack,3,big_roll,virtual,,,0.0,True,False,1,8,1584.0,1.2,DP,1.0,False,False,False,True,False,False,8,8,8,8,8,大辊线,False,False,False
0030085350-000130#M0106-L01,0030085350-000130,0030085350-000130,0030085350-000130-L01,HC180Y,BH,1582.0,0.7,24.0,52.0,2025-10-31,大辊,big_only,3,overdue,0,big_roll,big_only,0.2222222222222222,0.2807017543859649,0.2222222222222222,False,False,1,9,1583.0,0.95,PC,1.0,False,False,False,True,False,False,9,9,9,9,9,大辊线,False,False,False
VIRTUAL-00005,,,,VIRTUAL_PC,PC,1577.8,0.825,0.0,0.0,,,,0,slack,3,big_roll,virtual,,,0.0,True,False,1,10,1582.0,0.7,BH,4.2000000000000455,False,False,False,True,False,False,10,10,10,10,10,大辊线,False,False,False
VIRTUAL-00006,,,,VIRTUAL_PC,PC,1573.5,0.95,0.0,0.0,,,,0,slack,3,big_roll,virtual,,,0.0,True,False,1,11,1577.8,0.825,PC,4.2999999999999545,False,False,False,False,False,False,11,11,11,11,11,大辊线,False,False,False
VIRTUAL-00007,,,,VIRTUAL_PC,PC,1569.2,1.075,0.0,0.0,,,,0,slack,3,big_roll,virtual,,,0.0,True,False,1,12,1573.5,0.95,PC,4.2999999999999545,False,False,False,False,False,False,12,12,12,12,12,大辊线,False,False,False
0030082156-000230#M0659-L01,0030082156-000230,0030082156-000230,0030082156-000230-L01,HC340/590DP,DP,1565.0,1.2,24.0,52.0,2025-10-31,大辊,big_only,3,overdue,0,big_roll,big_only,0.2,0.25263157894736843,0.2,False,False,1,13,1569.2,1.075,PC,4.2000000000000455,False,False,False,True,False,False,13,13,13,13,13,大辊线,False,False,False
VIRTUAL-00008,,,,VIRTUAL_PC,PC,1556.7,1.467,0.0,0.0,,,,0,slack,3,big_roll,virtual,,,0.0,True,False,1,14,1565.0,1.2,DP,8.299999999999955,False,False,False,True,False,False,14,14,14,14,14,大辊线,False,False,False
VIRTUAL-00009,,,,VIRTUAL_PC,PC,1548.3,1.733,0.0,0.0,,,,0,slack,3,big_roll,virtual,,,0.0,True,False,1,15,1556.7,1.467,PC,8.400000000000091,False,False,False,False,False,False,15,15,15,15,15,大辊线,False,False,False
0030084750-000070#M0202-L01,0030084750-000070,0030084750-000070,0030084750-000070-L01,T280VK,DP,1540.0,2.0,24.0,104.0,2025-10-31,大辊,big_only,3,overdue,0,big_roll,big_only,0.2,0.25263157894736843,0.2,False,False,1,16,1548.3,1.733,PC,8.299999999999955,False,False,False,True,False,False,16,16,16,16,16,大辊线,False,False,False
0030085175-000140#M0176-L01,0030085175-000140,0030085175-000140,0030085175-000140-L01,HC340/590DP,DP,1510.0,1.8,24.0,52.0,2025-10-31,大辊,big_only,3,overdue,0,big_roll,big_only,0.2,0.25263157894736843,0.2,False,False,1,17,1540.0,2.0,DP,30.0,False,False,False,False,False,False,17,17,17,17,17,大辊线,False,False,False
VIRTUAL-00010,,,,VIRTUAL_PC,PC,1507.5,1.4,0.0,0.0,,,,0,slack,3,big_roll,virtual,,,0.0,True,False,1,18,1510.0,1.8,DP,2.5,False,False,False,True,False,False,18,18,18,18,18,大辊线,False,False,False
0030082156-000090#M0668-L01,0030082156-000090,0030082156-000090,0030082156-000090-L01,HC340/590DP,DP,1505.0,1.0,24.0,52.0,2025-10-31,大辊,big_only,3,overdue,0,big_roll,big_only,0.2,0.25263157894736843,0.2,False,False,1,19,1507.5,1.4,PC,2.5,False,False,False,True,False,False,19,19,19,19,19,大辊线,False,False,False
0030083518-000530#M0500-L01,0030083518-000530,0030083518-000530,0030083518-000530-L01,T280VK,DP,1500.0,1.2,24.0,52.0,2025-10-31,大辊,big_only,3,overdue,0,big_roll,big_only,0.2,0.25263157894736843,0.2,False,False,1,20,1505.0,1.0,DP,5.0,False,False,False,False,False,False,20,20,20,20,20,大辊线,False,False,False
0030082156-000220#M0680-L01,0030082156-000220,0030082156-000220,0030082156-000220-L01,HC340/590DP,DP,1500.0,1.2,24.0,52.0,2025-10-31,大辊,big_only,3,overdue,0,big_roll,big_only,0.2,0.25263157894736843,0.2,False,False,1,21,1500.0,1.2,DP,0.0,False,False,False,False,False,False,21,21,21,21,21,大辊线,False,False,False
0030082964-000070#M0579-L01,0030082964-000070,0030082964-000070,0030082964-000070-L01,HC340/590DP,DP,1500.0,1.4,24.0,52.0,2025-10-31,大辊,big_only,3,overdue,0,big_roll,big_only,0.2,0.25263157894736843,0.2,False,False,1,22,1500.0,1.2,DP,0.0,False,False,False,False,False,False,22,22,22,22,22,大辊线,False,False,False
0030082964-000140#M0584-L01,0030082964-000140,0030082964-000140,0030082964-000140-L01,HC340/590DP,DP,1500.0,1.6,24.0,52.0,2025-10-31,大辊,big_only,3,overdue,0,big_roll,big_only,0.2,0.25263157894736843,0.2,False,False,1,23,1500.0,1.4,DP,0.0,False,False,False,False,False,False,23,23,23,23,23,大辊线,False,False,False
0030082156-000480#M0687-L01,0030082156-000480,0030082156-000480,0030082156-000480-L01,HC340/590DP,DP,1500.0,2.0,24.0,53.96,2025-10-31,大辊,big_only,3,overdue,0,big_roll,big_only,0.2,0.25263157894736843,0.2,False,False,1,24,1500.0,1.6,DP,0.0,False,False,False,False,False,False,24,24,24,24,24,大辊线,False,False,False
0030082964-000120#M0587-L01,0030082964-000120,0030082964-000120,0030082964-000120-L01,HC340/590DP,DP,1500.0,1.5,24.0,52.0,2025-10-31,大辊,big_only,3,overdue,0,big_roll,big_only,0.2,0.25263157894736843,0.2,False,False,1,25,1500.0,2.0,DP,0.0,False,False,False,False,False,False,25,25,25,25,25,大辊线,False,False,False
0030082964-000050#M0576-L01,0030082964-000050,0030082964-000050,0030082964-000050-L01,HC340/590DP,DP,1500.0,1.2,24.0,52.0,2025-10-31,大辊,big_only,3,overdue,0,big_roll,big_only,0.2,0.25263157894736843,0.2,False,False,1,26,1500.0,1.5,DP,0.0,False,False,False,False,False,False,26,26,26,26,26,大辊线,False,False,False
VIRTUAL-00011,,,,VIRTUAL_PC,PC,1500.0,1.0,0.0,0.0,,,,0,slack,3,big_roll,virtual,,,0.0,True,False,1,27,1500.0,1.2,DP,0.0,False,False,False,True,False,False,27,27,27,27,27,大辊线,False,False,False
0030085644-000040#M0062-L01,0030085644-000040,0030085644-000040,0030085644-000040-L01,T280VK,DP,1500.0,0.8,24.0,88.0,2025-10-31,大辊,big_only,3,overdue,0,big_roll,big_only,0.2222222222222222,0.2807017543859649,0.2222222222222222,False,False,1,28,1500.0,1.0,PC,0.0,False,False,False,True,False,False,28,28,28,28,28,大辊线,False,False,False
0030082156-000080#M0656-L01,0030082156-000080,0030082156-000080,0030082156-000080-L01,HC340/590DP,DP,1450.0,1.0,24.0,52.0,2025-10-31,大辊,big_only,3,overdue,0,big_roll,big_only,0.2,0.25263157894736843,0.2,False,False,1,29,1500.0,0.8,DP,50.0,False,False,False,False,False,False,29,29,29,29,29,大辊线,False,False,False
VIRTUAL-00012,,,,VIRTUAL_PC,PC,1446.0,0.85,0.0,0.0,,,,0,slack,3,big_roll,virtual,,,0.0,True,False,1,30,1450.0,1.0,DP,4.0,False,False,False,True,False,False,30,30,30,30,30,大辊线,False,False,False
0030084505-000050#M0249-L01,0030084505-000050,0030084505-000050,0030084505-000050-L01,T280VK,DP,1442.0,0.7,24.0,52.0,2025-10-31,大辊,big_only,3,overdue,0,big_roll,big_only,0.2222222222222222,0.2807017543859649,0.2222222222222222,False,False,1,31,1446.0,0.85,PC,4.0,False,False,False,True,False,False,31,31,31,31,31,大辊线,False,False,False
VIRTUAL-00013,,,,VIRTUAL_PC,PC,1441.0,0.7,0.0,0.0,,,,0,slack,3,big_roll,virtual,,,0.0,True,False,1,32,1442.0,0.7,DP,1.0,False,False,False,True,False,False,32,32,32,32,32,大辊线,False,False,False
0030085176-000010#M0110-L01,0030085176-000010,0030085176-000010,0030085176-000010-L01,HC180Y,BH,1440.0,0.7,24.0,78.0,2025-10-31,大辊,big_only,3,overdue,0,big_roll,big_only,0.2222222222222222,0.2807017543859649,0.2222222222222222,False,False,1,33,1441.0,0.7,PC,1.0,False,False,False,True,False,False,33,33,33,33,33,大辊线,False,False,False
VIRTUAL-00014,,,,VIRTUAL_PC,PC,1438.5,0.75,0.0,0.0,,,,0,slack,3,big_roll,virtual,,,0.0,True,False,1,34,1440.0,0.7,BH,1.5,False,False,False,True,False,False,34,34,34,34,34,大辊线,False,False,False
0030084081-000050#M0358-L01,0030084081-000050,0030084081-000050,0030084081-000050-L01,HC340/590DP,DP,1437.0,0.8,24.0,78.0,2025-10-31,大辊,big_only,3,overdue,0,big_roll,big_only,0.2222222222222222,0.2807017543859649,0.2222222222222222,False,False,1,35,1438.5,0.75,PC,1.5,False,False,False,True,False,False,35,35,35,35,35,大辊线,False,False,False
VIRTUAL-00015,,,,VIRTUAL_PC,PC,1436.2,1.0,0.0,0.0,,,,0,slack,3,big_roll,virtual,,,0.0,True,False,1,36,1437.0,0.8,DP,0.7999999999999545,False,False,False,True,False,False,36,36,36,36,36,大辊线,False,False,False
VIRTUAL-00016,,,,VIRTUAL_PC,PC,1435.5,1.2,0.0,0.0,,,,0,slack,3,big_roll,virtual,,,0.0,True,False,1,37,1436.2,1.0,PC,0.7000000000000455,False,False,False,False,False,False,37,37,37,37,37,大辊线,False,False,False
VIRTUAL-00017,,,,VIRTUAL_PC,PC,1434.8,1.4,0.0,0.0,,,,0,slack,3,big_roll,virtual,,,0.0,True,False,1,38,1435.5,1.2,PC,0.7000000000000455,False,False,False,False,False,False,38,38,38,38,38,大辊线,False,False,False
0030084750-000020#M0212-L01,0030084750-000020,0030084750-000020,0030084750-000020-L01,HC340/590DP,DP,1434.0,1.6,24.0,104.0,2025-10-31,大辊,big_only,3,overdue,0,big_roll,big_only,0.2,0.25263157894736843,0.2,False,False,1,39,1434.8,1.4,PC,0.7999999999999545,False,False,False,True,False,False,39,39,39,39,39,大辊线,False,False,False
VIRTUAL-00018,,,,VIRTUAL_PC,PC,1431.0,1.375,0.0,0.0,,,,0,slack,3,big_roll,virtual,,,0.0,True,False,1,40,1434.0,1.6,DP,3.0,False,False,False,True,False,False,40,40,40,40,40,大辊线,False,False,False
VIRTUAL-00019,,,,VIRTUAL_PC,PC,1428.0,1.15,0.0,0.0,,,,0,slack,3,big_roll,virtual,,,0.0,True,False,1,41,1431.0,1.375,PC,3.0,False,False,False,False,False,False,41,41,41,41,41,大辊线,False,False,False
VIRTUAL-00020,,,,VIRTUAL_PC,PC,1425.0,0.925,0.0,0.0,,,,0,slack,3,big_roll,virtual,,,0.0,True,False,1,42,1428.0,1.15,PC,3.0,False,False,False,False,False,False,42,42,42,42,42,大辊线,False,False,False
0030085350-000120#M0115-L01,0030085350-000120,0030085350-000120,0030085350-000120-L01,HC180Y,BH,1422.0,0.7,24.0,104.0,2025-10-31,大辊,big_only,3,overdue,0,big_roll,big_only,0.2222222222222222,0.2807017543859649,0.2222222222222222,False,False,1,43,1425.0,0.925,PC,3.0,False,False,False,True,False,False,43,43,43,43,43,大辊线,False,False,False
VIRTUAL-00021,,,,VIRTUAL_PC,PC,1416.5,0.825,0.0,0.0,,,,0,slack,3,big_roll,virtual,,,0.0,True,False,1,44,1422.0,0.7,BH,5.5,False,False,False,True,False,False,44,44,44,44,44,大辊线,False,False,False
VIRTUAL-00022,,,,VIRTUAL_PC,PC,1411.0,0.95,0.0,0.0,,,,0,slack,3,big_roll,virtual,,,0.0,True,False,1,45,1416.5,0.825,PC,5.5,False,False,False,False,False,False,45,45,45,45,45,大辊线,False,False,False
VIRTUAL-00023,,,,VIRTUAL_PC,PC,1405.5,1.075,0.0,0.0,,,,0,slack,3,big_roll,virtual,,,0.0,True,False,1,46,1411.0,0.95,PC,5.5,False,False,False,False,False,False,46,46,46,46,46,大辊线,False,False,False
0030085651-000030#M0072-L01,0030085651-000030,0030085651-000030,0030085651-000030-L01,HC340/590DP,DP,1400.0,1.2,24.0,88.0,2025-10-25,大辊,big_only,3,overdue,0,big_roll,big_only,0.2,0.25263157894736843,0.2,False,False,1,47,1405.5,1.075,PC,5.5,False,False,False,True,False,False,47,47,47,47,47,大辊线,False,False,False
0030085350-000150#M0164-L01,0030085350-000150,0030085350-000150,0030085350-000150-L01,HC340/590DP,DP,1400.0,1.2,24.0,78.0,2025-10-31,大辊,big_only,3,overdue,0,big_roll,big_only,0.2,0.25263157894736843,0.2,False,False,1,48,1400.0,1.2,DP,0.0,False,False,False,False,False,False,48,48,48,48,48,大辊线,False,False,False
VIRTUAL-00024,,,,VIRTUAL_PC,PC,1400.0,1.467,0.0,0.0,,,,0,slack,3,big_roll,virtual,,,0.0,True,False,1,49,1400.0,1.2,DP,0.0,False,False,False,True,False,False,49,49,49,49,49,大辊线,False,False,False
VIRTUAL-00025,,,,VIRTUAL_PC,PC,1400.0,1.733,0.0,0.0,,,,0,slack,3,big_roll,virtual,,,0.0,True,False,1,50,1400.0,1.467,PC,0.0,False,False,False,False,False,False,50,50,50,50,50,大辊线,False,False,False
0030082156-000460#M0632-L01,0030082156-000460,0030082156-000460,0030082156-000460-L01,HC340/590DP,DP,1400.0,2.0,24.0,78.0,2025-10-31,大辊,big_only,3,overdue,0,big_roll,big_only,0.2,0.25263157894736843,0.2,False,False,1,51,1400.0,1.733,PC,0.0,False,False,False,True,False,False,51,51,51,51,51,大辊线,False,False,False
0030082156-000450#M0653-L01,0030082156-000450,0030082156-000450,0030082156-000450-L01,HC340/590DP,DP,1385.0,2.0,24.0,78.0,2025-10-31,大辊,big_only,3,overdue,0,big_roll,big_only,0.2,0.25263157894736843,0.2,False,False,1,52,1400.0,2.0,DP,15.0,False,False,False,False,False,False,52,52,52,52,52,大辊线,False,False,False
VIRTUAL-00026,,,,VIRTUAL_PC,PC,1376.7,1.667,0.0,0.0,,,,0,slack,3,big_roll,virtual,,,0.0,True,False,1,53,1385.0,2.0,DP,8.299999999999955,False,False,False,True,False,False,53,53,53,53,53,大辊线,False,False,False
VIRTUAL-00027,,,,VIRTUAL_PC,PC,1368.3,1.333,0.0,0.0,,,,0,slack,3,big_roll,virtual,,,0.0,True,False,1,54,1376.7,1.667,PC,8.400000000000091,False,False,False,False,False,False,54,54,54,54,54,大辊线,False,False,False
0030084911-000010#M0206-L01,0030084911-000010,0030084911-000010,0030084911-000010-L01,HC340/590DP,DP,1360.0,1.0,24.0,52.0,2025-10-31,大辊,big_only,3,overdue,0,big_roll,big_only,0.2,0.25263157894736843,0.2,False,False,1,55,1368.3,1.333,PC,8.299999999999955,False,False,False,True,False,False,55,55,55,55,55,大辊线,False,False,False
0030085175-000080#M0146-L01,0030085175-000080,0030085175-000080,0030085175-000080-L01,HC340/590DP,DP,1360.0,1.2,24.0,52.0,2025-10-31,大辊,big_only,3,overdue,0,big_roll,big_only,0.2,0.25263157894736843,0.2,False,False,1,56,1360.0,1.0,DP,0.0,False,False,False,False,False,False,56,56,56,56,56,大辊线,False,False,False
VIRTUAL-00028,,,,VIRTUAL_PC,PC,1358.3,1.467,0.0,0.0,,,,0,slack,3,big_roll,virtual,,,0.0,True,False,1,57,1360.0,1.2,DP,1.7000000000000455,False,False,False,True,False,False,57,57,57,57,57,大辊线,False,False,False
VIRTUAL-00029,,,,VIRTUAL_PC,PC,1356.7,1.733,0.0,0.0,,,,0,slack,3,big_roll,virtual,,,0.0,True,False,1,58,1358.3,1.467,PC,1.599999999999909,False,False,False,False,False,False,58,58,58,58,58,大辊线,False,False,False
0030082156-000440#M0650-L01,0030082156-000440,0030082156-000440,0030082156-000440-L01,HC340/590DP,DP,1355.0,2.0,24.0,78.0,2025-10-31,大辊,big_only,3,overdue,0,big_roll,big_only,0.2,0.25263157894736843,0.2,False,False,1,59,1356.7,1.733,PC,1.7000000000000455,False,False,False,True,False,False,59,59,59,59,59,大辊线,False,False,False
VIRTUAL-00030,,,,VIRTUAL_PC,PC,1354.7,1.783,0.0,0.0,,,,0,slack,3,big_roll,virtual,,,0.0,True,False,1,60,1355.0,2.0,DP,0.2999999999999545,False,False,False,True,False,False,60,60,60,60,60,大辊线,False,False,False
VIRTUAL-00031,,,,VIRTUAL_PC,PC,1354.3,1.567,0.0,0.0,,,,0,slack,3,big_roll,virtual,,,0.0,True,False,1,61,1354.7,1.783,PC,0.40000000000009095,False,False,False,False,False,False,61,61,61,61,61,大辊线,False,False,False
VIRTUAL-00032,,,,VIRTUAL_PC,PC,1354.0,1.35,0.0,0.0,,,,0,slack,3,big_roll,virtual,,,0.0,True,False,1,62,1354.3,1.567,PC,0.2999999999999545,False,False,False,False,False,False,62,62,62,62,62,大辊线,False,False,False
VIRTUAL-00033,,,,VIRTUAL_PC,PC,1353.7,1.133,0.0,0.0,,,,0,slack,3,big_roll,virtual,,,0.0,True,False,1,63,1354.0,1.35,PC,0.2999999999999545,False,False,False,False,False,False,63,63,63,63,63,大辊线,False,False,False
VIRTUAL-00034,,,,VIRTUAL_PC,PC,1353.3,0.917,0.0,0.0,,,,0,slack,3,big_roll,virtual,,,0.0,True,False,1,64,1353.7,1.133,PC,0.40000000000009095,False,False,False,False,False,False,64,64,64,64,64,大辊线,False,False,False
0030084062-000010#M0396-L01,0030084062-000010,0030084062-000010,0030084062-000010-L01,HC180Y,BH,1353.0,0.7,24.0,130.0,2025-10-31,大辊,big_only,3,overdue,0,big_roll,big_only,0.2222222222222222,0.2807017543859649,0.2222222222222222,False,False,1,65,1353.3,0.917,PC,0.2999999999999545,False,False,False,True,False,False,65,65,65,65,65,大辊线,False,False,False
VIRTUAL-00035,,,,VIRTUAL_PC,PC,1352.5,0.75,0.0,0.0,,,,0,slack,3,big_roll,virtual,,,0.0,True,False,1,66,1353.0,0.7,BH,0.5,False,False,False,True,False,False,66,66,66,66,66,大辊线,False,False,False
0030084752-000070#M0209-L01,0030084752-000070,0030084752-000070,0030084752-000070-L01,HC340/590DP,DP,1352.0,0.8,24.0,52.0,2025-11-30,大辊,big_only,3,overdue,0,big_roll,big_only,0.2222222222222222,0.2807017543859649,0.2222222222222222,False,False,1,67,1352.5,0.75,PC,0.5,False,False,False,True,False,False,67,67,67,67,67,大辊线,False,False,False
VIRTUAL-00036,,,,VIRTUAL_PC,PC,1351.0,1.0,0.0,0.0,,,,0,slack,3,big_roll,virtual,,,0.0,True,False,1,68,1352.0,0.8,DP,1.0,False,False,False,True,False,False,68,68,68,68,68,大辊线,False,False,False
0030082156-000180#M0638-L01,0030082156-000180,0030082156-000180,0030082156-000180-L01,HC340/590DP,DP,1350.0,1.2,22.5,50.0,2025-10-31,大辊,big_only,3,overdue,0,big_roll,big_only,0.1875,0.23684210526315788,0.1875,False,False,1,69,1351.0,1.0,PC,1.0,False,False,False,True,False,False,69,69,69,69,69,大辊线,False,False,False
VIRTUAL-00037,,,,VIRTUAL_PC,PC,1350.0,1.5,0.0,0.0,,,,0,slack,3,big_roll,virtual,,,0.0,True,False,1,70,1350.0,1.2,DP,0.0,False,False,False,True,False,False,70,70,70,70,70,大辊线,False,False,False
0030084750-000040#M0229-L01,0030084750-000040,0030084750-000040,0030084750-000040-L01,HC340/590DP,DP,1350.0,1.8,22.5,50.0,2025-10-31,大辊,big_only,3,overdue,0,big_roll,big_only,0.1875,0.23684210526315788,0.1875,False,False,1,71,1350.0,1.5,PC,0.0,False,False,False,True,False,False,71,71,71,71,71,大辊线,False,False,False
VIRTUAL-00038,,,,VIRTUAL_PC,PC,1350.0,1.4,0.0,0.0,,,,0,slack,3,big_roll,virtual,,,0.0,True,False,1,72,1350.0,1.8,DP,0.0,False,False,False,True,False,False,72,72,72,72,72,大辊线,False,False,False
0030082156-000060#M0636-L01,0030082156-000060,0030082156-000060,0030082156-000060-L01,HC340/590DP,DP,1350.0,1.0,22.5,50.0,2025-10-31,大辊,big_only,3,overdue,0,big_roll,big_only,0.1875,0.23684210526315788,0.1875,False,False,1,73,1350.0,1.4,PC,0.0,False,False,False,True,False,False,73,73,73,73,73,大辊线,False,False,False
VIRTUAL-00039,,,,VIRTUAL_PC,PC,1345.0,0.85,0.0,0.0,,,,0,slack,3,big_roll,virtual,,,0.0,True,False,1,74,1350.0,1.0,DP,5.0,False,False,False,True,False,False,74,74,74,74,74,大辊线,False,False,False
0030085350-000100#M0079-L01,0030085350-000100,0030085350-000100,0030085350-000100-L01,HC180Y,BH,1340.0,0.7,22.5,50.0,2025-10-31,大辊,big_only,3,overdue,0,big_roll,big_only,0.20833333333333334,0.2631578947368421,0.20833333333333334,False,False,1,75,1345.0,0.85,PC,5.0,False,False,False,True,False,False,75,75,75,75,75,大辊线,False,False,False
VIRTUAL-00040,,,,VIRTUAL_PC,PC,1337.5,0.85,0.0,0.0,,,,0,slack,3,big_roll,virtual,,,0.0,True,False,1,76,1340.0,0.7,BH,2.5,False,False,False,True,False,False,76,76,76,76,76,大辊线,False,False,False
0030085175-000040#M0160-L01,0030085175-000040,0030085175-000040,0030085175-000040-L01,HC340/590DP,DP,1335.0,1.0,22.5,50.0,2025-10-31,大辊,big_only,3,overdue,0,big_roll,big_only,0.1875,0.23684210526315788,0.1875,False,False,1,77,1337.5,0.85,PC,2.5,False,False,False,True,False,False,77,77,77,77,77,大辊线,False,False,False
0030083518-000510#M0503-L01,0030083518-000510,0030083518-000510,0030083518-000510-L01,T280VK,DP,1325.0,1.2,22.5,50.0,2025-10-31,大辊,big_only,3,overdue,0,big_roll,big_only,0.1875,0.23684210526315788,0.1875,False,False,1,78,1335.0,1.0,DP,10.0,False,False,False,False,False,False,78,78,78,78,78,大辊线,False,False,False
0030082156-001040#M0624-L01,0030082156-001040,0030082156-001040,0030082156-001040-L01,T280VK,DP,1325.0,1.2,22.5,50.0,2025-10-31,大辊,big_only,3,overdue,0,big_roll,big_only,0.1875,0.23684210526315788,0.1875,False,False,1,79,1325.0,1.2,DP,0.0,False,False,False,False,False,False,79,79,79,79,79,大辊线,False,False,False
VIRTUAL-00041,,,,VIRTUAL_PC,PC,1325.0,1.467,0.0,0.0,,,,0,slack,3,big_roll,virtual,,,0.0,True,False,1,80,1325.0,1.2,DP,0.0,False,False,False,True,False,False,80,80,80,80,80,大辊线,False,False,False
VIRTUAL-00042,,,,VIRTUAL_PC,PC,1325.0,1.733,0.0,0.0,,,,0,slack,3,big_roll,virtual,,,0.0,True,False,1,81,1325.0,1.467,PC,0.0,False,False,False,False,False,False,81,81,81,81,81,大辊线,False,False,False
0030082156-000430#M0646-L01,0030082156-000430,0030082156-000430,0030082156-000430-L01,HC340/590DP,DP,1325.0,2.0,22.5,75.0,2025-10-31,大辊,big_only,3,overdue,0,big_roll,big_only,0.1875,0.23684210526315788,0.1875,False,False,1,82,1325.0,1.733,PC,0.0,False,False,False,True,False,False,82,82,82,82,82,大辊线,False,False,False
VIRTUAL-00043,,,,VIRTUAL_PC,PC,1322.5,1.575,0.0,0.0,,,,0,slack,3,big_roll,virtual,,,0.0,True,False,1,83,1325.0,2.0,DP,2.5,False,False,False,True,False,False,83,83,83,83,83,大辊线,False,False,False
0030086415-000010#M0013-L01,0030086415-000010,0030086415-000010,0030086415-000010-L01,HC180Y,BH,1320.0,1.15,22.5,100.0,2025-11-30,大辊,big_only,3,overdue,0,big_roll,big_only,0.1875,0.23684210526315788,0.1875,False,False,1,84,1322.5,1.575,PC,2.5,False,False,False,True,False,False,84,84,84,84,84,大辊线,False,False,False
VIRTUAL-00044,,,,VIRTUAL_PC,PC,1320.0,1.075,0.0,0.0,,,,0,slack,3,big_roll,virtual,,,0.0,True,False,1,85,1320.0,1.15,BH,0.0,False,False,False,True,False,False,85,85,85,85,85,大辊线,False,False,False
0030085175-000030#M0184-L01,0030085175-000030,0030085175-000030,0030085175-000030-L01,HC340/590DP,DP,1320.0,1.0,22.5,50.0,2025-10-31,大辊,big_only,3,overdue,0,big_roll,big_only,0.1875,0.23684210526315788,0.1875,False,False,1,86,1320.0,1.075,PC,0.0,False,False,False,True,False,False,86,86,86,86,86,大辊线,False,False,False
0030084688-000010#M0258-L01,0030084688-000010,0030084688-000010,0030084688-000010-L01,T280VK,DP,1300.0,1.2,22.5,50.0,2025-10-31,大辊,big_only,3,overdue,0,big_roll,big_only,0.1875,0.23684210526315788,0.1875,False,False,1,87,1320.0,1.0,DP,20.0,False,False,False,False,False,False,87,87,87,87,87,大辊线,False,False,False
0030082156-000170#M0694-L01,0030082156-000170,0030082156-000170,0030082156-000170-L01,HC340/590DP,DP,1300.0,1.2,22.5,50.0,2025-10-31,大辊,big_only,3,overdue,0,big_roll,big_only,0.1875,0.23684210526315788,0.1875,False,False,1,88,1300.0,1.2,DP,0.0,False,False,False,False,False,False,88,88,88,88,88,大辊线,False,False,False
0030082964-000040#M0570-L01,0030082964-000040,0030082964-000040,0030082964-000040-L01,HC340/590DP,DP,1300.0,1.2,22.5,50.0,2025-10-31,大辊,big_only,3,overdue,0,big_roll,big_only,0.1875,0.23684210526315788,0.1875,False,False,1,89,1300.0,1.2,DP,0.0,False,False,False,False,False,False,89,89,89,89,89,大辊线,False,False,False
0030082156-000260#M0682-L01,0030082156-000260,0030082156-000260,0030082156-000260-L01,HC340/590DP,DP,1300.0,1.4,22.5,50.0,2025-10-31,大辊,big_only,3,overdue,0,big_roll,big_only,0.1875,0.23684210526315788,0.1875,False,False,1,90,1300.0,1.2,DP,0.0,False,False,False,False,False,False,90,90,90,90,90,大辊线,False,False,False
0030082964-000110#M0583-L01,0030082964-000110,0030082964-000110,0030082964-000110-L01,HC340/590DP,DP,1300.0,1.5,22.5,50.0,2025-10-31,大辊,big_only,3,overdue,0,big_roll,big_only,0.1875,0.23684210526315788,0.1875,False,False,1,91,1300.0,1.4,DP,0.0,False,False,False,False,False,False,91,91,91,91,91,大辊线,False,False,False
VIRTUAL-00045,,,,VIRTUAL_PC,PC,1300.0,1.75,0.0,0.0,,,,0,slack,3,big_roll,virtual,,,0.0,True,False,1,92,1300.0,1.5,DP,0.0,False,False,False,True,False,False,92,92,92,92,92,大辊线,False,False,False
0030082964-000200#M0585-L01,0030082964-000200,0030082964-000200,0030082964-000200-L01,HC340/590DP,DP,1300.0,2.0,22.5,50.0,2025-10-31,大辊,big_only,3,overdue,0,big_roll,big_only,0.1875,0.23684210526315788,0.1875,False,False,1,93,1300.0,1.75,PC,0.0,False,False,False,True,False,False,93,93,93,93,93,大辊线,False,False,False
0030082156-000420#M0640-L01,0030082156-000420,0030082156-000420,0030082156-000420-L01,HC340/590DP,DP,1300.0,2.0,22.5,75.0,2025-10-31,大辊,big_only,3,overdue,0,big_roll,big_only,0.1875,0.23684210526315788,0.1875,False,False,1,94,1300.0,2.0,DP,0.0,False,False,False,False,False,False,94,94,94,94,94,大辊线,False,False,False
0030085175-000110#M0169-L01,0030085175-000110,0030085175-000110,0030085175-000110-L01,HC340/590DP,DP,1290.0,1.6,22.5,50.0,2025-10-31,大辊,big_only,3,overdue,0,big_roll,big_only,0.1875,0.23684210526315788,0.1875,False,False,1,95,1300.0,2.0,DP,10.0,False,False,False,False,False,False,95,95,95,95,95,大辊线,False,False,False
VIRTUAL-00046,,,,VIRTUAL_PC,PC,1283.5,1.3,0.0,0.0,,,,0,slack,3,big_roll,virtual,,,0.0,True,False,1,96,1290.0,1.6,DP,6.5,False,False,False,True,False,False,96,96,96,96,96,大辊线,False,False,False
0030084061-000030#M0394-L01,0030084061-000030,0030084061-000030,0030084061-000030-L01,HC180Y,BH,1277.0,1.0,22.5,50.0,2025-10-31,大辊,big_only,3,overdue,0,big_roll,big_only,0.1875,0.23684210526315788,0.1875,False,False,1,97,1283.5,1.3,PC,6.5,False,False,False,True,False,False,97,97,97,97,97,大辊线,False,False,False
VIRTUAL-00047,,,,VIRTUAL_PC,PC,1276.0,1.2,0.0,0.0,,,,0,slack,3,big_roll,virtual,,,0.0,True,False,1,98,1277.0,1.0,BH,1.0,False,False,False,True,False,False,98,98,98,98,98,大辊线,False,False,False
0030082156-000250#M0693-L01,0030082156-000250,0030082156-000250,0030082156-000250-L01,HC340/590DP,DP,1275.0,1.4,22.5,50.0,2025-10-31,大辊,big_only,3,overdue,0,big_roll,big_only,0.1875,0.23684210526315788,0.1875,False,False,1,99,1276.0,1.2,PC,1.0,False,False,False,True,False,False,99,99,99,99,99,大辊线,False,False,False
0030082156-000160#M0645-L01,0030082156-000160,0030082156-000160,0030082156-000160-L01,HC340/590DP,DP,1265.0,1.2,22.5,50.0,2025-10-31,大辊,big_only,3,overdue,0,big_roll,big_only,0.1875,0.23684210526315788,0.1875,False,False,1,100,1275.0,1.4,DP,10.0,False,False,False,False,False,False,100,100,100,100,100,大辊线,False,False,False
0030084750-000010#M0228-L01,0030084750-000010,0030084750-000010,0030084750-000010-L01,HC340/590DP,DP,1260.0,1.4,22.5,50.0,2025-10-31,大辊,big_only,3,overdue,0,big_roll,big_only,0.1875,0.23684210526315788,0.1875,False,False,1,101,1265.0,1.2,DP,5.0,False,False,False,False,False,False,101,101,101,101,101,大辊线,False,False,False
VIRTUAL-00048,,,,VIRTUAL_PC,PC,1260.0,1.7,0.0,0.0,,,,0,slack,3,big_roll,virtual,,,0.0,True,False,1,102,1260.0,1.4,DP,0.0,False,False,False,True,False,False,102,102,102,102,102,大辊线,False,False,False
0030082156-000410#M0672-L01,0030082156-000410,0030082156-000410,0030082156-000410-L01,HC340/590DP,DP,1260.0,2.0,22.5,75.0,2025-10-31,大辊,big_only,3,overdue,0,big_roll,big_only,0.1875,0.23684210526315788,0.1875,False,False,1,103,1260.0,1.7,PC,0.0,False,False,False,True,False,False,103,103,103,103,103,大辊线,False,False,False
0030085175-000160#M0151-L01,0030085175-000160,0030085175-000160,0030085175-000160-L01,HC340/590DP,DP,1250.0,2.0,21.5,72.0,2025-10-31,大辊,big_only,3,overdue,0,big_roll,big_only,0.17916666666666667,0.22631578947368422,0.17916666666666667,False,False,1,104,1260.0,2.0,DP,10.0,False,False,False,False,False,False,104,104,104,104,104,大辊线,False,False,False
0030082156-000400#M0662-L01,0030082156-000400,0030082156-000400,0030082156-000400-L01,HC340/590DP,DP,1250.0,2.0,21.5,96.0,2025-10-31,大辊,big_only,3,overdue,0,big_roll,big_only,0.17916666666666667,0.22631578947368422,0.17916666666666667,False,False,1,105,1250.0,2.0,DP,0.0,False,False,False,False,False,False,105,105,105,105,105,大辊线,False,False,False
0030085176-000040#M0144-L01,0030085176-000040,0030085176-000040,0030085176-000040-L01,HC340/590DP,DP,1250.0,2.0,21.5,48.0,2025-10-31,大辊,big_only,3,overdue,0,big_roll,big_only,0.17916666666666667,0.22631578947368422,0.17916666666666667,False,False,1,106,1250.0,2.0,DP,0.0,False,False,False,False,False,False,106,106,106,106,106,大辊线,False,False,False
0030084750-000030#M0223-L01,0030084750-000030,0030084750-000030,0030084750-000030-L01,HC340/590DP,DP,1250.0,1.8,21.5,48.0,2025-10-31,大辊,big_only,3,overdue,0,big_roll,big_only,0.17916666666666667,0.22631578947368422,0.17916666666666667,False,False,1,107,1250.0,2.0,DP,0.0,False,False,False,False,False,False,107,107,107,107,107,大辊线,False,False,False
0030084505-000020#M0241-L01,0030084505-000020,0030084505-000020,0030084505-000020-L01,HC340/590DP,DP,1242.0,1.8,21.5,48.0,2025-10-31,大辊,big_only,3,overdue,0,big_roll,big_only,0.17916666666666667,0.22631578947368422,0.17916666666666667,False,False,1,108,1250.0,1.8,DP,8.0,False,False,False,False,False,False,108,108,108,108,108,大辊线,False,False,False
VIRTUAL-00049,,,,VIRTUAL_PC,PC,1237.5,1.5,0.0,0.0,,,,0,slack,3,big_roll,virtual,,,0.0,True,False,1,109,1242.0,1.8,DP,4.5,False,False,False,True,False,False,109,109,109,109,109,大辊线,False,False,False
0030085175-000070#M0145-L01,0030085175-000070,0030085175-000070,0030085175-000070-L01,HC340/590DP,DP,1233.0,1.2,21.5,48.0,2025-10-31,大辊,big_only,3,overdue,0,big_roll,big_only,0.17916666666666667,0.22631578947368422,0.17916666666666667,False,False,1,110,1237.5,1.5,PC,4.5,False,False,False,True,False,False,110,110,110,110,110,大辊线,False,False,False
0030085176-000020#M0167-L01,0030085176-000020,0030085176-000020,0030085176-000020-L01,HC340/590DP,DP,1233.0,1.2,21.5,48.0,2025-10-31,大辊,big_only,3,overdue,0,big_roll,big_only,0.17916666666666667,0.22631578947368422,0.17916666666666667,False,False,1,111,1233.0,1.2,DP,0.0,False,False,False,False,False,False,111,111,111,111,111,大辊线,False,False,False
0030085652-000020#M0074-L01,0030085652-000020,0030085652-000020,0030085652-000020-L01,T280VK,DP,1231.0,1.52,21.5,48.0,2025-11-30,大辊,big_only,3,overdue,0,big_roll,big_only,0.17916666666666667,0.22631578947368422,0.17916666666666667,False,False,1,112,1233.0,1.2,DP,2.0,False,False,False,False,False,False,112,112,112,112,112,大辊线,False,False,False
0030085652-000010#M0088-L01,0030085652-000010,0030085652-000010,0030085652-000010-L01,T280VK,DP,1228.0,1.4,21.5,144.0,2025-11-30,大辊,big_only,3,overdue,0,big_roll,big_only,0.17916666666666667,0.22631578947368422,0.17916666666666667,False,False,1,113,1231.0,1.52,DP,3.0,False,False,False,False,False,False,113,113,113,113,113,大辊线,False,False,False
0030084752-000030#M0204-L01,0030084752-000030,0030084752-000030,0030084752-000030-L01,HC340/590DP,DP,1223.0,1.6,21.5,120.0,2025-11-30,大辊,big_only,3,overdue,0,big_roll,big_only,0.17916666666666667,0.22631578947368422,0.17916666666666667,False,False,1,114,1228.0,1.4,DP,5.0,False,False,False,False,False,False,114,114,114,114,114,大辊线,False,False,False
VIRTUAL-00050,,,,VIRTUAL_PC,PC,1219.0,2.05,0.0,0.0,,,,0,slack,3,big_roll,virtual,,,0.0,True,False,1,115,1223.0,1.6,DP,4.0,False,False,False,True,False,False,115,115,115,115,115,大辊线,False,False,False
0030084750-000060#M0226-L01,0030084750-000060,0030084750-000060,0030084750-000060-L01,HC340/590DP,DP,1215.0,2.5,21.5,96.0,2025-10-31,大辊,big_only,3,overdue,0,big_roll,big_only,0.17916666666666667,0.22631578947368422,0.17916666666666667,False,False,1,116,1219.0,2.05,PC,4.0,False,False,False,True,False,False,116,116,116,116,116,大辊线,False,False,False
VIRTUAL-00051,,,,VIRTUAL_PC,PC,1213.3,2.067,0.0,0.0,,,,0,slack,3,big_roll,virtual,,,0.0,True,False,1,117,1215.0,2.5,DP,1.7000000000000455,False,False,False,True,False,False,117,117,117,117,117,大辊线,False,False,False
VIRTUAL-00052,,,,VIRTUAL_PC,PC,1211.7,1.633,0.0,0.0,,,,0,slack,3,big_roll,virtual,,,0.0,True,False,1,118,1213.3,2.067,PC,1.599999999999909,False,False,False,False,False,False,118,118,118,118,118,大辊线,False,False,False
0030085175-000060#M0161-L01,0030085175-000060,0030085175-000060,0030085175-000060-L01,HC340/590DP,DP,1210.0,1.2,21.5,48.0,2025-10-31,大辊,big_only,3,overdue,0,big_roll,big_only,0.17916666666666667,0.22631578947368422,0.17916666666666667,False,False,1,119,1211.7,1.633,PC,1.7000000000000455,False,False,False,True,False,False,119,119,119,119,119,大辊线,False,False,False
VIRTUAL-00053,,,,VIRTUAL_PC,PC,1205.0,0.95,0.0,0.0,,,,0,slack,3,big_roll,virtual,,,0.0,True,False,1,120,1210.0,1.2,DP,5.0,False,False,False,True,False,False,120,120,120,120,120,大辊线,False,False,False
0030085350-000090#M0090-L01,0030085350-000090,0030085350-000090,0030085350-000090-L01,HC180Y,BH,1200.0,0.7,21.5,48.0,2025-10-31,大辊,big_only,3,overdue,0,big_roll,big_only,0.19907407407407407,0.25146198830409355,0.19907407407407407,False,False,1,121,1205.0,0.95,PC,5.0,False,False,False,True,False,False,121,121,121,121,121,大辊线,False,False,False
VIRTUAL-00054,,,,VIRTUAL_PC,PC,1200.0,0.85,0.0,0.0,,,,0,slack,3,big_roll,virtual,,,0.0,True,False,1,122,1200.0,0.7,BH,0.0,False,False,False,True,False,False,122,122,122,122,122,大辊线,False,False,False
0030085175-000020#M0157-L01,0030085175-000020,0030085175-000020,0030085175-000020-L01,HC340/590DP,DP,1200.0,1.0,21.5,48.0,2025-10-31,大辊,big_only,3,overdue,0,big_roll,big_only,0.17916666666666667,0.22631578947368422,0.17916666666666667,False,False,1,123,1200.0,0.85,PC,0.0,False,False,False,True,False,False,123,123,123,123,123,大辊线,False,False,False
VIRTUAL-00055,,,,VIRTUAL_PC,PC,1200.0,1.25,0.0,0.0,,,,0,slack,3,big_roll,virtual,,,0.0,True,False,1,124,1200.0,1.0,DP,0.0,False,False,False,True,False,False,124,124,124,124,124,大辊线,False,False,False
VIRTUAL-00056,,,,VIRTUAL_PC,PC,1200.0,1.5,0.0,0.0,,,,0,slack,3,big_roll,virtual,,,0.0,True,False,1,125,1200.0,1.25,PC,0.0,False,False,False,False,False,False,125,125,125,125,125,大辊线,False,False,False
VIRTUAL-00057,,,,VIRTUAL_PC,PC,1200.0,1.75,0.0,0.0,,,,0,slack,3,big_roll,virtual,,,0.0,True,False,1,126,1200.0,1.5,PC,0.0,False,False,False,False,False,False,126,126,126,126,126,大辊线,False,False,False
0030082156-000390#M0684-L01,0030082156-000390,0030082156-000390,0030082156-000390-L01,HC340/590DP,DP,1200.0,2.0,21.5,96.0,2025-10-31,大辊,big_only,3,overdue,0,big_roll,big_only,0.17916666666666667,0.22631578947368422,0.17916666666666667,False,False,1,127,1200.0,1.75,PC,0.0,False,False,False,True,False,False,127,127,127,127,127,大辊线,False,False,False
0030085175-000150#M0163-L01,0030085175-000150,0030085175-000150,0030085175-000150-L01,HC340/590DP,DP,1200.0,2.0,21.5,72.0,2025-10-31,大辊,big_only,3,overdue,0,big_roll,big_only,0.17916666666666667,0.22631578947368422,0.17916666666666667,False,False,1,128,1200.0,2.0,DP,0.0,False,False,False,False,False,False,128,128,128,128,128,大辊线,False,False,False
VIRTUAL-00058,,,,VIRTUAL_PC,PC,1199.0,1.7,0.0,0.0,,,,0,slack,3,big_roll,virtual,,,0.0,True,False,1,129,1200.0,2.0,DP,1.0,False,False,False,True,False,False,129,129,129,129,129,大辊线,False,False,False
0030084752-000020#M0233-L01,0030084752-000020,0030084752-000020,0030084752-000020-L01,HC340/590DP,DP,1198.0,1.4,21.5,72.0,2025-11-30,大辊,big_only,3,overdue,0,big_roll,big_only,0.17916666666666667,0.22631578947368422,0.17916666666666667,False,False,1,130,1199.0,1.7,PC,1.0,False,False,False,True,False,False,130,130,130,130,130,大辊线,False,False,False
0030083753-000050#M0453-L01,0030083753-000050,0030083753-000050,0030083753-000050-L01,HC340/590DP,DP,1192.0,1.15,21.5,96.0,2025-10-31,大辊,big_only,3,overdue,0,big_roll,big_only,0.17916666666666667,0.22631578947368422,0.17916666666666667,False,False,1,131,1198.0,1.4,DP,6.0,False,False,False,False,False,False,131,131,131,131,131,大辊线,False,False,False
0030085386-000010#M0170-L01,0030085386-000010,0030085386-000010,0030085386-000010-L01,HC340/590DP,DP,1189.0,1.4,21.5,96.0,2025-10-31,大辊,big_only,3,overdue,0,big_roll,big_only,0.17916666666666667,0.22631578947368422,0.17916666666666667,False,False,1,132,1192.0,1.15,DP,3.0,False,False,False,False,False,False,132,132,132,132,132,大辊线,False,False,False
VIRTUAL-00059,,,,VIRTUAL_PC,PC,1187.0,1.7,0.0,0.0,,,,0,slack,3,big_roll,virtual,,,0.0,True,False,1,133,1189.0,1.4,DP,2.0,False,False,False,True,False,False,133,133,133,133,133,大辊线,False,False,False
0030082156-000380#M0654-L01,0030082156-000380,0030082156-000380,0030082156-000380-L01,HC340/590DP,DP,1185.0,2.0,21.5,96.0,2025-10-31,大辊,big_only,3,overdue,0,big_roll,big_only,0.17916666666666667,0.22631578947368422,0.17916666666666667,False,False,1,134,1187.0,1.7,PC,2.0,False,False,False,True,False,False,134,134,134,134,134,大辊线,False,False,False
VIRTUAL-00060,,,,VIRTUAL_PC,PC,1184.0,1.685,0.0,0.0,,,,0,slack,3,big_roll,virtual,,,0.0,True,False,1,135,1185.0,2.0,DP,1.0,False,False,False,True,False,False,135,135,135,135,135,大辊线,False,False,False
0030084442-000070#M0295-L01,0030084442-000070,0030084442-000070,0030084442-000070-L01,HC340/590DP,DP,1183.0,1.37,21.5,48.0,2025-10-31,大辊,big_only,3,overdue,0,big_roll,big_only,0.17916666666666667,0.22631578947368422,0.17916666666666667,False,False,1,136,1184.0,1.685,PC,1.0,False,False,False,True,False,False,136,136,136,136,136,大辊线,False,False,False
VIRTUAL-00061,,,,VIRTUAL_PC,PC,1178.7,1.147,0.0,0.0,,,,0,slack,3,big_roll,virtual,,,0.0,True,False,1,137,1183.0,1.37,DP,4.2999999999999545,False,False,False,True,False,False,137,137,137,137,137,大辊线,False,False,False
VIRTUAL-00062,,,,VIRTUAL_PC,PC,1174.3,0.923,0.0,0.0,,,,0,slack,3,big_roll,virtual,,,0.0,True,False,1,138,1178.7,1.147,PC,4.400000000000091,False,False,False,False,False,False,138,138,138,138,138,大辊线,False,False,False
0030084752-000050#M0235-L01,0030084752-000050,0030084752-000050,0030084752-000050-L01,HC340/590DP,DP,1170.0,0.7,21.5,72.0,2025-11-30,大辊,big_only,3,overdue,0,big_roll,big_only,0.19907407407407407,0.25146198830409355,0.19907407407407407,False,False,1,139,1174.3,0.923,PC,4.2999999999999545,False,False,False,True,False,False,139,139,139,139,139,大辊线,False,False,False
VIRTUAL-00063,,,,VIRTUAL_PC,PC,1170.0,0.844,0.0,0.0,,,,0,slack,3,big_roll,virtual,,,0.0,True,False,1,140,1170.0,0.7,DP,0.0,False,False,False,True,False,False,140,140,140,140,140,大辊线,False,False,False
VIRTUAL-00064,,,,VIRTUAL_PC,PC,1170.0,0.989,0.0,0.0,,,,0,slack,3,big_roll,virtual,,,0.0,True,False,1,141,1170.0,0.844,PC,0.0,False,False,False,False,False,False,141,141,141,141,141,大辊线,False,False,False
VIRTUAL-00065,,,,VIRTUAL_PC,PC,1170.0,1.133,0.0,0.0,,,,0,slack,3,big_roll,virtual,,,0.0,True,False,1,142,1170.0,0.989,PC,0.0,False,False,False,False,False,False,142,142,142,142,142,大辊线,False,False,False
VIRTUAL-00066,,,,VIRTUAL_PC,PC,1170.0,1.278,0.0,0.0,,,,0,slack,3,big_roll,virtual,,,0.0,True,False,1,143,1170.0,1.133,PC,0.0,False,False,False,False,False,False,143,143,143,143,143,大辊线,False,False,False
VIRTUAL-00067,,,,VIRTUAL_PC,PC,1170.0,1.422,0.0,0.0,,,,0,slack,3,big_roll,virtual,,,0.0,True,False,1,144,1170.0,1.278,PC,0.0,False,False,False,False,False,False,144,144,144,144,144,大辊线,False,False,False
VIRTUAL-00068,,,,VIRTUAL_PC,PC,1170.0,1.567,0.0,0.0,,,,0,slack,3,big_roll,virtual,,,0.0,True,False,1,145,1170.0,1.422,PC,0.0,False,False,False,False,False,False,145,145,145,145,145,大辊线,False,False,False
VIRTUAL-00069,,,,VIRTUAL_PC,PC,1170.0,1.711,0.0,0.0,,,,0,slack,3,big_roll,virtual,,,0.0,True,False,1,146,1170.0,1.567,PC,0.0,False,False,False,False,False,False,146,146,146,146,146,大辊线,False,False,False
VIRTUAL-00070,,,,VIRTUAL_PC,PC,1170.0,1.856,0.0,0.0,,,,0,slack,3,big_roll,virtual,,,0.0,True,False,1,147,1170.0,1.711,PC,0.0,False,False,False,False,False,False,147,147,147,147,147,大辊线,False,False,False
0030082156-000370#M0667-L01,0030082156-000370,0030082156-000370,0030082156-000370-L01,HC340/590DP,DP,1170.0,2.0,21.5,96.0,2025-10-31,大辊,big_only,3,overdue,0,big_roll,big_only,0.17916666666666667,0.22631578947368422,0.17916666666666667,False,False,1,148,1170.0,1.856,PC,0.0,False,False,False,True,False,False,148,148,148,148,148,大辊线,False,False,False
0030085175-000120#M0154-L01,0030085175-000120,0030085175-000120,0030085175-000120-L01,HC340/590DP,DP,1152.0,1.8,21.5,48.0,2025-10-31,大辊,big_only,3,overdue,0,big_roll,big_only,0.17916666666666667,0.22631578947368422,0.17916666666666667,False,False,1,149,1170.0,2.0,DP,18.0,False,False,False,False,False,False,149,149,149,149,149,大辊线,False,False,False
0030082156-000360#M0688-L01,0030082156-000360,0030082156-000360,0030082156-000360-L01,HC340/590DP,DP,1150.0,2.0,21.5,88.0,2025-10-31,大辊,big_only,3,overdue,0,big_roll,big_only,0.17916666666666667,0.22631578947368422,0.17916666666666667,False,False,1,150,1152.0,1.8,DP,2.0,False,False,False,False,False,False,150,150,150,150,150,大辊线,False,False,False
VIRTUAL-00071,,,,VIRTUAL_PC,PC,1143.3,1.667,0.0,0.0,,,,0,slack,3,big_roll,virtual,,,0.0,True,False,1,151,1150.0,2.0,DP,6.7000000000000455,False,False,False,True,False,False,151,151,151,151,151,大辊线,False,False,False
VIRTUAL-00072,,,,VIRTUAL_PC,PC,1136.7,1.333,0.0,0.0,,,,0,slack,3,big_roll,virtual,,,0.0,True,False,1,152,1143.3,1.667,PC,6.599999999999909,False,False,False,False,False,False,152,152,152,152,152,大辊线,False,False,False
0030084911-000020#M0239-L01,0030084911-000020,0030084911-000020,0030084911-000020-L01,HC340/590DP,DP,1130.0,1.0,21.5,66.0,2025-10-31,大辊,big_only,3,overdue,0,big_roll,big_only,0.17916666666666667,0.22631578947368422,0.17916666666666667,False,False,1,153,1136.7,1.333,PC,6.7000000000000455,False,False,False,True,False,False,153,153,153,153,153,大辊线,False,False,False
0030084876-000020#M0216-L01,0030084876-000020,0030084876-000020,0030084876-000020-L01,HC340/590DP,DP,1125.0,1.0,21.5,66.0,2025-10-31,大辊,big_only,3,overdue,0,big_roll,big_only,0.17916666666666667,0.22631578947368422,0.17916666666666667,False,False,1,154,1130.0,1.0,DP,5.0,False,False,False,False,False,False,154,154,154,154,154,大辊线,False,False,False
VIRTUAL-00073,,,,VIRTUAL_PC,PC,1123.8,1.25,0.0,0.0,,,,0,slack,3,big_roll,virtual,,,0.0,True,False,1,155,1125.0,1.0,DP,1.2000000000000455,False,False,False,True,False,False,155,155,155,155,155,大辊线,False,False,False
VIRTUAL-00074,,,,VIRTUAL_PC,PC,1122.5,1.5,0.0,0.0,,,,0,slack,3,big_roll,virtual,,,0.0,True,False,1,156,1123.8,1.25,PC,1.2999999999999545,False,False,False,False,False,False,156,156,156,156,156,大辊线,False,False,False
VIRTUAL-00075,,,,VIRTUAL_PC,PC,1121.2,1.75,0.0,0.0,,,,0,slack,3,big_roll,virtual,,,0.0,True,False,1,157,1122.5,1.5,PC,1.2999999999999545,False,False,False,False,False,False,157,157,157,157,157,大辊线,False,False,False
0030082156-000340#M0642-L01,0030082156-000340,0030082156-000340,0030082156-000340-L01,HC340/590DP,DP,1120.0,2.0,21.5,66.0,2025-10-31,大辊,big_only,3,overdue,0,big_roll,big_only,0.17916666666666667,0.22631578947368422,0.17916666666666667,False,False,1,158,1121.2,1.75,PC,1.2000000000000455,False,False,False,True,False,False,158,158,158,158,158,大辊线,False,False,False
0030082156-000350#M0677-L01,0030082156-000350,0030082156-000350,0030082156-000350-L01,HC340/590DP,DP,1100.0,2.0,21.5,66.0,2025-10-31,大辊,big_only,3,overdue,0,big_roll,big_only,0.17916666666666667,0.22631578947368422,0.17916666666666667,False,False,1,159,1120.0,2.0,DP,20.0,False,False,False,False,False,False,159,159,159,159,159,大辊线,False,False,False
VIRTUAL-00076,,,,VIRTUAL_PC,PC,1100.0,1.6,0.0,0.0,,,,0,slack,3,big_roll,virtual,,,0.0,True,False,1,160,1100.0,2.0,DP,0.0,False,False,False,True,False,False,160,160,160,160,160,大辊线,False,False,False
0030085350-000170#M0175-L01,0030085350-000170,0030085350-000170,0030085350-000170-L01,HC340/590DP,DP,1100.0,1.2,21.5,120.0,2025-10-31,大辊,big_only,3,overdue,0,big_roll,big_only,0.17916666666666667,0.22631578947368422,0.17916666666666667,False,False,1,161,1100.0,1.6,PC,0.0,False,False,False,True,False,False,161,161,161,161,161,大辊线,False,False,False
0030085175-000210#M0139-L01,0030085175-000210,0030085175-000210,0030085175-000210-L01,T1500HS,HOTFORM,1640.0,1.6,24.0,416.0,2025-11-15,5.0小辊,small_only,3,overdue,0,small_roll,small_only,0.2,0.25263157894736843,0.25263157894736843,False,False,1,162,,,,,False,False,False,False,False,False,1,162,1,1,1,小辊线,False,False,False
0030081238-000010#M0705-L01,0030081238-000010,0030081238-000010,0030081238-000010-L01,T1500HS,HOTFORM,1600.0,1.8,24.0,248.22,2025-10-15,5.0小辊,small_only,3,overdue,0,small_roll,small_only,0.2,0.25263157894736843,0.25263157894736843,False,False,1,163,1640.0,1.6,HOTFORM,40.0,False,False,False,False,False,False,2,163,2,2,2,小辊线,False,False,False
0030081238-000020#M0706-L01,0030081238-000020,0030081238-000020,0030081238-000020-L01,T1500HS,HOTFORM,1600.0,1.5,24.0,156.0,2025-10-15,5.0小辊,small_only,3,overdue,0,small_roll,small_only,0.2,0.25263157894736843,0.25263157894736843,False,False,1,164,1600.0,1.8,HOTFORM,0.0,False,False,False,False,False,False,3,164,3,3,3,小辊线,False,False,False
0030081238-000030#M0707-L01,0030081238-000030,0030081238-000030,0030081238-000030-L01,T1500HS,HOTFORM,1600.0,1.4,24.0,78.0,2025-10-15,5.0小辊,small_only,3,overdue,0,small_roll,small_only,0.2,0.25263157894736843,0.25263157894736843,False,False,1,165,1600.0,1.5,HOTFORM,0.0,False,False,False,False,False,False,4,165,4,4,4,小辊线,False,False,False
0030081238-000050#M0708-L01,0030081238-000050,0030081238-000050,0030081238-000050-L01,T1500HS,HOTFORM,1600.0,1.4,24.0,104.0,2025-10-15,5.0小辊,small_only,3,overdue,0,small_roll,small_only,0.2,0.25263157894736843,0.25263157894736843,False,False,1,166,1600.0,1.4,HOTFORM,0.0,False,False,False,False,False,False,5,166,5,5,5,小辊线,False,False,False
0030081238-000060#M0709-L01,0030081238-000060,0030081238-000060,0030081238-000060-L01,T1500HS,HOTFORM,1600.0,1.2,24.0,312.0,2025-10-15,5.0小辊,small_only,3,overdue,0,small_roll,small_only,0.2,0.25263157894736843,0.25263157894736843,False,False,1,167,1600.0,1.4,HOTFORM,0.0,False,False,False,False,False,False,6,167,6,6,6,小辊线,False,False,False
0030081403-000060#M0703-L01,0030081403-000060,0030081403-000060,0030081403-000060-L01,T1500HS,HOTFORM,1599.0,1.2,24.0,104.0,2025-10-15,5.0小辊,small_only,3,overdue,0,small_roll,small_only,0.2,0.25263157894736843,0.25263157894736843,False,False,1,168,1600.0,1.2,HOTFORM,1.0,False,False,False,False,False,False,7,168,7,7,7,小辊线,False,False,False
0030085399-000070#M0137-L01,0030085399-000070,0030085399-000070,0030085399-000070-L01,T1500HS,HOTFORM,1599.0,1.5,24.0,104.0,2025-11-15,5.0小辊,small_only,3,overdue,0,small_roll,small_only,0.2,0.25263157894736843,0.25263157894736843,False,False,1,169,1599.0,1.2,HOTFORM,0.0,False,False,False,False,False,False,8,169,8,8,8,小辊线,False,False,False
0030081238-000040#M0710-L01,0030081238-000040,0030081238-000040,0030081238-000040-L01,T1500HS,HOTFORM,1590.0,1.4,24.0,806.0,2025-10-15,5.0小辊,small_only,3,overdue,0,small_roll,small_only,0.2,0.25263157894736843,0.25263157894736843,False,False,1,170,1599.0,1.5,HOTFORM,9.0,False,False,False,False,False,False,9,170,9,9,9,小辊线,False,False,False
0030085363-000020#M0119-L01,0030085363-000020,0030085363-000020,0030085363-000020-L01,T1500HS,HOTFORM,1568.0,1.6,24.0,234.0,2025-12-15,5.0小辊,small_only,3,overdue,0,small_roll,small_only,0.2,0.25263157894736843,0.25263157894736843,False,False,1,171,1590.0,1.4,HOTFORM,22.0,False,False,False,False,False,False,10,171,10,10,10,小辊线,False,False,False
0030085346-000010#M0116-L01,0030085346-000010,0030085346-000010,0030085346-000010-L01,T1500HS,HOTFORM,1563.0,1.4,24.0,676.0,2025-11-15,5.0小辊,small_only,3,overdue,0,small_roll,small_only,0.2,0.25263157894736843,0.25263157894736843,False,False,1,172,1568.0,1.6,HOTFORM,5.0,False,False,False,False,False,False,11,172,11,11,11,小辊线,False,False,False
0030081403-000040#M0702-L01,0030081403-000040,0030081403-000040,0030081403-000040-L01,T1500HS,HOTFORM,1558.0,1.2,24.0,104.0,2025-10-15,5.0小辊,small_only,3,overdue,0,small_roll,small_only,0.2,0.25263157894736843,0.25263157894736843,False,False,1,173,1563.0,1.4,HOTFORM,5.0,False,False,False,False,False,False,12,173,12,12,12,小辊线,False,False,False
0030083730-000010#M0460-L01,0030083730-000010,0030083730-000010,0030083730-000010-L01,T1500HS,HOTFORM,1540.0,1.4,24.0,400.0,2025-11-15,5.0小辊,small_only,3,overdue,0,small_roll,small_only,0.2,0.25263157894736843,0.25263157894736843,False,False,1,174,1558.0,1.2,HOTFORM,18.0,False,False,False,False,False,False,13,174,13,13,13,小辊线,False,False,False
0030085365-000010#M0133-L01,0030085365-000010,0030085365-000010,0030085365-000010-L01,T1500HS,HOTFORM,1507.0,1.4,24.0,52.0,2025-11-15,5.0小辊,small_only,3,overdue,0,small_roll,small_only,0.2,0.25263157894736843,0.25263157894736843,False,False,1,175,1540.0,1.4,HOTFORM,33.0,False,False,False,False,False,False,14,175,14,14,14,小辊线,False,False,False
0030085364-000030#M0123-L01,0030085364-000030,0030085364-000030,0030085364-000030-L01,T1500HS,HOTFORM,1500.0,1.2,24.0,78.0,2025-11-15,5.0小辊,small_only,3,overdue,0,small_roll,small_only,0.2,0.25263157894736843,0.25263157894736843,False,False,1,176,1507.0,1.4,HOTFORM,7.0,False,False,False,False,False,False,15,176,15,15,15,小辊线,False,False,False
VIRTUAL-00001,,,,VIRTUAL_PC,PC,1493.5,1.4,0.0,0.0,,,,0,slack,3,small_roll,virtual,,,0.0,True,False,1,177,1500.0,1.2,HOTFORM,6.5,False,False,False,True,False,False,16,177,16,16,16,小辊线,False,False,False
0030085175-000200#M0117-L01,0030085175-000200,0030085175-000200,0030085175-000200-L01,T1500HS,HOTFORM,1487.0,1.6,24.0,52.0,2025-11-15,5.0小辊,small_only,3,overdue,0,small_roll,small_only,0.2,0.25263157894736843,0.25263157894736843,False,False,1,178,1493.5,1.4,PC,6.5,False,False,False,True,False,False,17,178,17,17,17,小辊线,False,False,False
0030084902-000020#M0193-L01,0030084902-000020,0030084902-000020,0030084902-000020-L01,T1500HS,HOTFORM,1465.0,1.6,24.0,364.0,2025-11-15,5.0小辊,small_only,3,overdue,0,small_roll,small_only,0.2,0.25263157894736843,0.25263157894736843,False,False,1,179,1487.0,1.6,HOTFORM,22.0,False,False,False,False,False,False,18,179,18,18,18,小辊线,False,False,False
0030081403-000050#M0704-L01,0030081403-000050,0030081403-000050,0030081403-000050-L01,T1500HS,HOTFORM,1455.0,1.2,24.0,104.0,2025-10-15,5.0小辊,small_only,3,overdue,0,small_roll,small_only,0.2,0.25263157894736843,0.25263157894736843,False,False,1,180,1465.0,1.6,HOTFORM,10.0,False,False,False,False,False,False,19,180,19,19,19,小辊线,False,False,False
0030085399-000050#M0142-L01,0030085399-000050,0030085399-000050,0030085399-000050-L01,T1500HS,HOTFORM,1455.0,1.4,24.0,104.0,2025-11-15,5.0小辊,small_only,3,overdue,0,small_roll,small_only,0.2,0.25263157894736843,0.25263157894736843,False,False,1,181,1455.0,1.2,HOTFORM,0.0,False,False,False,False,False,False,20,181,20,20,20,小辊线,False,False,False
0030085364-000020#M0121-L01,0030085364-000020,0030085364-000020,0030085364-000020-L01,T1500HS,HOTFORM,1450.0,1.6,24.0,52.0,2025-11-15,5.0小辊,small_only,3,overdue,0,small_roll,small_only,0.2,0.25263157894736843,0.25263157894736843,False,False,1,182,1455.0,1.4,HOTFORM,5.0,False,False,False,False,False,False,21,182,21,21,21,小辊线,False,False,False
0030085364-000040#M0141-L01,0030085364-000040,0030085364-000040,0030085364-000040-L01,T1500HS,HOTFORM,1448.0,1.6,24.0,78.0,2025-11-15,5.0小辊,small_only,3,overdue,0,small_roll,small_only,0.2,0.25263157894736843,0.25263157894736843,False,False,1,183,1450.0,1.6,HOTFORM,2.0,False,False,False,False,False,False,22,183,22,22,22,小辊线,False,False,False
0030085365-000030#M0134-L01,0030085365-000030,0030085365-000030,0030085365-000030-L01,T1500HS,HOTFORM,1404.0,1.6,24.0,52.0,2025-11-15,5.0小辊,small_only,3,overdue,0,small_roll,small_only,0.2,0.25263157894736843,0.25263157894736843,False,False,1,184,1448.0,1.6,HOTFORM,44.0,False,False,False,False,False,False,23,184,23,23,23,小辊线,False,False,False
0030085399-000040#M0140-L01,0030085399-000040,0030085399-000040,0030085399-000040-L01,T1500HS,HOTFORM,1386.0,1.4,24.0,52.0,2025-11-15,5.0小辊,small_only,3,overdue,0,small_roll,small_only,0.2,0.25263157894736843,0.25263157894736843,False,False,1,185,1404.0,1.6,HOTFORM,18.0,False,False,False,False,False,False,24,185,24,24,24,小辊线,False,False,False
0030085399-000030#M0129-L01,0030085399-000030,0030085399-000030,0030085399-000030-L01,T1500HS,HOTFORM,1375.0,1.4,24.0,104.0,2025-11-15,5.0小辊,small_only,3,overdue,0,small_roll,small_only,0.2,0.25263157894736843,0.25263157894736843,False,False,1,186,1386.0,1.4,HOTFORM,11.0,False,False,False,False,False,False,25,186,25,25,25,小辊线,False,False,False
0030085363-000010#M0130-L01,0030085363-000010,0030085363-000010,0030085363-000010-L01,T1500HS,HOTFORM,1372.0,1.4,24.0,78.0,2025-12-15,5.0小辊,small_only,3,overdue,0,small_roll,small_only,0.2,0.25263157894736843,0.25263157894736843,False,False,1,187,1375.0,1.4,HOTFORM,3.0,False,False,False,False,False,False,26,187,26,26,26,小辊线,False,False,False
0030085364-000060#M0124-L01,0030085364-000060,0030085364-000060,0030085364-000060-L01,T1500HS,HOTFORM,1352.0,1.4,24.0,52.0,2025-11-15,5.0小辊,small_only,3,overdue,0,small_roll,small_only,0.2,0.25263157894736843,0.25263157894736843,False,False,1,188,1372.0,1.4,HOTFORM,20.0,False,False,False,False,False,False,27,188,27,27,27,小辊线,False,False,False
0030085399-000060#M0132-L01,0030085399-000060,0030085399-000060,0030085399-000060-L01,T1500HS,HOTFORM,1348.0,1.5,22.5,50.0,2025-11-15,5.0小辊,small_only,3,overdue,0,small_roll,small_only,0.1875,0.23684210526315788,0.23684210526315788,False,False,1,189,1352.0,1.4,HOTFORM,4.0,False,False,False,False,False,False,28,189,28,28,28,小辊线,False,False,False
0030085011-000010#M0135-L01,0030085011-000010,0030085011-000010,0030085011-000010-L01,T1500HS,HOTFORM,1340.0,1.8,22.5,50.0,2025-11-15,5.0小辊,small_only,3,overdue,0,small_roll,small_only,0.1875,0.23684210526315788,0.23684210526315788,False,False,1,190,1348.0,1.5,HOTFORM,8.0,False,False,False,False,False,False,29,190,29,29,29,小辊线,False,False,False
VIRTUAL-00002,,,,VIRTUAL_PC,PC,1337.5,1.5,0.0,0.0,,,,0,slack,3,small_roll,virtual,,,0.0,True,False,1,191,1340.0,1.8,HOTFORM,2.5,False,False,False,True,False,False,30,191,30,30,30,小辊线,False,False,False
0030085175-000190#M0120-L01,0030085175-000190,0030085175-000190,0030085175-000190-L01,T1500HS,HOTFORM,1335.0,1.2,22.5,75.0,2025-11-15,5.0小辊,small_only,3,overdue,0,small_roll,small_only,0.1875,0.23684210526315788,0.23684210526315788,False,False,1,192,1337.5,1.5,PC,2.5,False,False,False,True,False,False,31,192,31,31,31,小辊线,False,False,False
0030085176-000070#M0125-L01,0030085176-000070,0030085176-000070,0030085176-000070-L01,T1500HS,HOTFORM,1335.0,1.2,22.5,50.0,2025-11-15,5.0小辊,small_only,3,overdue,0,small_roll,small_only,0.1875,0.23684210526315788,0.23684210526315788,False,False,1,193,1335.0,1.2,HOTFORM,0.0,False,False,False,False,False,False,32,193,32,32,32,小辊线,False,False,False
0030085399-000010#M0122-L01,0030085399-000010,0030085399-000010,0030085399-000010-L01,T1500HS,HOTFORM,1309.0,1.3,22.5,50.0,2025-11-15,5.0小辊,small_only,3,overdue,0,small_roll,small_only,0.1875,0.23684210526315788,0.23684210526315788,False,False,1,194,1335.0,1.2,HOTFORM,26.0,False,False,False,False,False,False,33,194,33,33,33,小辊线,False,False,False
VIRTUAL-00003,,,,VIRTUAL_PC,PC,1288.5,1.55,0.0,0.0,,,,0,slack,3,small_roll,virtual,,,0.0,True,False,1,195,1309.0,1.3,HOTFORM,20.5,False,False,False,True,False,False,34,195,34,34,34,小辊线,False,False,False
0030085364-000010#M0127-L01,0030085364-000010,0030085364-000010,0030085364-000010-L01,T1500HS,HOTFORM,1268.0,1.8,22.5,50.0,2025-11-15,5.0小辊,small_only,3,overdue,0,small_roll,small_only,0.1875,0.23684210526315788,0.23684210526315788,False,False,1,196,1288.5,1.55,PC,20.5,False,False,False,True,False,False,35,196,35,35,35,小辊线,False,False,False
0030085309-000020#M0020-L01,0030085309-000020,0030085309-000020,0030085309-000020-L01,T1500HS,HOTFORM,1230.0,1.8,21.5,48.0,2025-12-15,5.0小辊,small_only,3,overdue,0,small_roll,small_only,0.17916666666666667,0.22631578947368422,0.22631578947368422,False,False,1,197,1268.0,1.8,HOTFORM,38.0,False,False,False,False,False,False,36,197,36,36,36,小辊线,False,False,False
0030085309-000010#M0019-L01,0030085309-000010,0030085309-000010,0030085309-000010-L01,T1500HS,HOTFORM,1210.0,1.8,21.5,96.0,2025-12-15,5.0小辊,small_only,3,overdue,0,small_roll,small_only,0.17916666666666667,0.22631578947368422,0.22631578947368422,False,False,1,198,1230.0,1.8,HOTFORM,20.0,False,False,False,False,False,False,37,198,37,37,37,小辊线,False,False,False
0030085364-000070#M0131-L01,0030085364-000070,0030085364-000070,0030085364-000070-L01,T1500HS,HOTFORM,1125.0,1.8,21.5,66.0,2025-11-15,5.0小辊,small_only,3,overdue,0,small_roll,small_only,0.17916666666666667,0.22631578947368422,0.22631578947368422,False,False,1,199,1210.0,1.8,HOTFORM,85.0,False,False,False,False,False,False,38,199,38,38,38,小辊线,False,False,False
