order_id,source_order_id,grade,steel_group,width,thickness,temp_mean,tons,backlog,due_date,roll_type,line_capability,priority,temp_min,temp_max,line,due_sort,line_source,campaign_id,campaign_tons,is_virtual,seq,prev_width,prev_thickness,prev_group,width_drop,narrow_to_wide,width_jump_violation,thickness_violation,temp_conflict,group_switch,non_pc_direct_switch,global_seq,line_seq,campaign_seq,line_name,campaign_real_seq
0030084442-000090#M291,0030084442-000090,HC340/590DP,DP,1764.0,1.8,840.0,25.5,60.0,2025-10-31,大辊,big_only,3.0,840.0,840.0,big_roll,2025-10-31,big_only,1,1260.0,False,1,,,,,False,False,False,False,False,False,1,1,1,大辊线,1
0020050205-000060#M301,0020050205-000060,DC01,PC,1596.0,0.95,810.0,24.0,150.0,2025-10-31,大辊/小辊,dual,1.0,810.0,810.0,big_roll,2025-10-31,dual,2,1042.5,False,2,,,,,False,False,False,False,False,False,2,2,1,大辊线,1
0030085323-000050#M78,0030085323-000050,DC04,IF,1543.0,0.8,830.0,24.0,52.0,2025-10-31,大辊,big_only,2.0,830.0,830.0,big_roll,2025-10-31,big_only,3,1260.0,False,3,,,,,False,False,False,False,False,False,3,3,1,大辊线,1
0030083118-000080#M564,0030083118-000080,DC05,IF,1500.0,0.81,835.0,24.0,52.0,2025-10-31,大辊,big_only,2.0,835.0,835.0,big_roll,2025-10-31,big_only,3,1260.0,False,4,1543.0,0.8,IF,43.0,False,False,False,False,False,False,4,4,2,大辊线,2
0030082156-000080#M656,0030082156-000080,HC340/590DP,DP,1450.0,1.0,840.0,24.0,52.0,2025-10-31,大辊,big_only,3.0,840.0,840.0,big_roll,2025-10-31,big_only,4,1042.5,False,5,,,,,False,False,False,False,False,False,5,5,1,大辊线,1
0020050208-000030#M265,0020050208-000030,DC01,PC,1500.0,1.35,810.0,24.0,52.0,2025-10-31,大辊/小辊,dual,1.0,810.0,810.0,big_roll,2025-10-31,dual,5,1260.0,False,6,,,,,False,False,False,False,False,False,6,6,1,大辊线,1
0020050205-000130#M309,0020050205-000130,DC01,PC,1500.0,1.2,810.0,24.0,240.0,2025-10-31,大辊/小辊,dual,1.0,810.0,810.0,big_roll,2025-10-31,dual,5,1260.0,False,7,1500.0,1.35,PC,0.0,False,False,False,False,False,False,7,7,2,大辊线,2
0020050208-000040#M273,0020050208-000040,DC01,PC,1500.0,1.4,810.0,24.0,78.0,2025-10-31,大辊/小辊,dual,1.0,810.0,810.0,big_roll,2025-10-31,dual,5,1260.0,False,8,1500.0,1.2,PC,0.0,False,False,False,False,False,False,8,8,3,大辊线,3
0030083518-000530#M500,0030083518-000530,T280VK,DP,1500.0,1.2,840.0,24.0,52.0,2025-10-31,大辊,big_only,3.0,840.0,840.0,big_roll,2025-10-31,big_only,6,1260.0,False,9,,,,,False,False,False,False,False,False,9,9,1,大辊线,1
0030082964-000050#M576,0030082964-000050,HC340/590DP,DP,1500.0,1.2,840.0,24.0,52.0,2025-10-31,大辊,big_only,3.0,840.0,840.0,big_roll,2025-10-31,big_only,6,1260.0,False,10,1500.0,1.2,DP,0.0,False,False,False,False,False,False,10,10,2,大辊线,2
0030082156-000220#M680,0030082156-000220,HC340/590DP,DP,1500.0,1.2,840.0,24.0,52.0,2025-10-31,大辊,big_only,3.0,840.0,840.0,big_roll,2025-10-31,big_only,6,1260.0,False,11,1500.0,1.2,DP,0.0,False,False,False,False,False,False,11,11,3,大辊线,3
0030082964-000070#M579,0030082964-000070,HC340/590DP,DP,1500.0,1.4,840.0,24.0,52.0,2025-10-31,大辊,big_only,3.0,840.0,840.0,big_roll,2025-10-31,big_only,6,1260.0,False,12,1500.0,1.2,DP,0.0,False,False,False,False,False,False,12,12,4,大辊线,4
0030082964-000140#M584,0030082964-000140,HC340/590DP,DP,1500.0,1.6,840.0,24.0,52.0,2025-10-31,大辊,big_only,3.0,840.0,840.0,big_roll,2025-10-31,big_only,6,1260.0,False,13,1500.0,1.4,DP,0.0,False,False,False,False,False,False,13,13,5,大辊线,5
0030084750-000070#M202,0030084750-000070,T280VK,DP,1540.0,2.0,840.0,24.0,104.0,2025-10-31,大辊,big_only,3.0,840.0,840.0,big_roll,2025-10-31,big_only,6,1260.0,False,14,1500.0,1.6,DP,-40.0,True,False,False,False,False,False,14,14,6,大辊线,6
0030082156-000480#M687,0030082156-000480,HC340/590DP,DP,1500.0,2.0,840.0,24.0,53.96,2025-10-31,大辊,big_only,3.0,840.0,840.0,big_roll,2025-10-31,big_only,6,1260.0,False,15,1540.0,2.0,DP,40.0,False,False,False,False,False,False,15,15,7,大辊线,7
0030082964-000120#M587,0030082964-000120,HC340/590DP,DP,1500.0,1.5,840.0,24.0,52.0,2025-10-31,大辊,big_only,3.0,840.0,840.0,big_roll,2025-10-31,big_only,6,1260.0,False,16,1500.0,2.0,DP,0.0,False,False,False,False,False,False,16,16,8,大辊线,8
0020049966-000020#M461,0020049966-000020,DC01-D,PC,1500.0,1.1,815.0,24.0,52.0,2025-10-31,大辊/小辊,dual,1.0,815.0,815.0,big_roll,2025-10-31,dual,7,1260.0,False,17,,,,,False,False,False,False,False,False,17,17,1,大辊线,1
0020049964-000010#M481,0020049964-000010,DC01-D,PC,1500.0,1.0,815.0,24.0,53.36,2025-10-31,大辊/小辊,dual,1.0,815.0,815.0,big_roll,2025-10-31,dual,7,1260.0,False,18,1500.0,1.1,PC,0.0,False,False,False,False,False,False,18,18,2,大辊线,2
0030083932-000020#M418,0030083932-000020,DC06,IF,1380.0,0.8,840.0,24.0,72.32,2025-10-31,大辊,big_only,2.0,840.0,840.0,big_roll,2025-10-31,big_only,8,1042.5,False,19,,,,,False,False,False,False,False,False,19,19,1,大辊线,1
0030085651-000030#M72,0030085651-000030,HC340/590DP,DP,1400.0,1.2,840.0,24.0,88.0,2025-10-25,大辊,big_only,3.0,840.0,840.0,big_roll,2025-10-25,big_only,9,1042.5,False,20,,,,,False,False,False,False,False,False,20,20,1,大辊线,1
0030085350-000150#M164,0030085350-000150,HC340/590DP,DP,1400.0,1.2,840.0,24.0,78.0,2025-10-31,大辊,big_only,3.0,840.0,840.0,big_roll,2025-10-31,big_only,10,1260.0,False,21,,,,,False,False,False,False,False,False,21,21,1,大辊线,1
0030082156-000450#M653,0030082156-000450,HC340/590DP,DP,1385.0,2.0,840.0,24.0,78.0,2025-10-31,大辊,big_only,3.0,840.0,840.0,big_roll,2025-10-31,big_only,11,1260.0,False,22,,,,,False,False,False,False,False,False,22,22,1,大辊线,1
0030082156-000440#M650,0030082156-000440,HC340/590DP,DP,1355.0,2.0,840.0,24.0,78.0,2025-10-31,大辊,big_only,3.0,840.0,840.0,big_roll,2025-10-31,big_only,11,1260.0,False,23,1385.0,2.0,DP,30.0,False,False,False,False,False,False,23,23,2,大辊线,2
0030082156-000430#M646,0030082156-000430,HC340/590DP,DP,1325.0,2.0,840.0,22.5,75.0,2025-10-31,大辊,big_only,3.0,840.0,840.0,big_roll,2025-10-31,big_only,11,1260.0,False,24,1355.0,2.0,DP,30.0,False,False,False,False,False,False,24,24,3,大辊线,3
0030082156-000420#M640,0030082156-000420,HC340/590DP,DP,1300.0,2.0,840.0,22.5,75.0,2025-10-31,大辊,big_only,3.0,840.0,840.0,big_roll,2025-10-31,big_only,11,1260.0,False,25,1325.0,2.0,DP,25.0,False,False,False,False,False,False,25,25,4,大辊线,4
0030083932-000030#M435,0030083932-000030,DC06,IF,1240.0,0.8,840.0,21.5,72.0,2025-10-31,大辊,big_only,2.0,840.0,840.0,big_roll,2025-10-31,big_only,12,1260.0,False,26,,,,,False,False,False,False,False,False,26,26,1,大辊线,1
0030082156-000410#M672,0030082156-000410,HC340/590DP,DP,1260.0,2.0,840.0,22.5,75.0,2025-10-31,大辊,big_only,3.0,840.0,840.0,big_roll,2025-10-31,big_only,13,1042.5,False,27,,,,,False,False,False,False,False,False,27,27,1,大辊线,1
0020049982-000040#M442,0020049982-000040,DC01,PC,1250.0,1.8,810.0,21.5,195.7,2025-10-31,大辊/小辊,dual,1.0,810.0,810.0,big_roll,2025-10-31,dual,14,1260.0,False,28,,,,,False,False,False,False,False,False,28,28,1,大辊线,1
0030084637-000010#M261,0030084637-000010,DC05,IF,1250.0,0.6,835.0,21.5,84.7,2025-10-31,大辊,big_only,2.0,835.0,835.0,big_roll,2025-10-31,big_only,15,1260.0,False,29,,,,,False,False,False,False,False,False,29,29,1,大辊线,1
0030085341-000030#M107,0030085341-000030,DC04,IF,1174.0,0.6,830.0,21.5,120.0,2025-11-30,大辊,big_only,2.0,830.0,830.0,big_roll,2025-11-30,big_only,15,1260.0,False,30,1250.0,0.6,IF,76.0,False,False,False,False,False,False,30,30,2,大辊线,2
0030085341-000020#M82,0030085341-000020,DC04,IF,1204.0,0.6,830.0,21.5,192.0,2025-11-30,大辊,big_only,2.0,830.0,830.0,big_roll,2025-11-30,big_only,16,1042.5,False,31,,,,,False,False,False,False,False,False,31,31,1,大辊线,1
0030083377-000020#M552,0030083377-000020,DC04,IF,1230.0,0.7,830.0,21.5,72.0,2025-10-31,大辊,big_only,2.0,830.0,830.0,big_roll,2025-10-31,big_only,16,1260.0,False,32,1204.0,0.6,IF,-26.0,True,False,False,False,False,False,32,32,2,大辊线,2
0030084752-000020#M233,0030084752-000020,HC340/590DP,DP,1198.0,1.4,840.0,21.5,72.0,2025-11-30,大辊,big_only,3.0,840.0,840.0,big_roll,2025-11-30,big_only,17,1260.0,False,33,,,,,False,False,False,False,False,False,33,33,1,大辊线,1
0030082156-000390#M684,0030082156-000390,HC340/590DP,DP,1200.0,2.0,840.0,21.5,96.0,2025-10-31,大辊,big_only,3.0,840.0,840.0,big_roll,2025-10-31,big_only,18,1042.5,False,34,,,,,False,False,False,False,False,False,34,34,1,大辊线,1
0030082156-000370#M667,0030082156-000370,HC340/590DP,DP,1170.0,2.0,840.0,21.5,96.0,2025-10-31,大辊,big_only,3.0,840.0,840.0,big_roll,2025-10-31,big_only,18,1042.5,False,35,1200.0,2.0,DP,30.0,False,False,False,False,False,False,35,35,2,大辊线,2
0030082156-000360#M688,0030082156-000360,HC340/590DP,DP,1150.0,2.0,840.0,21.5,88.0,2025-10-31,大辊,big_only,3.0,840.0,840.0,big_roll,2025-10-31,big_only,18,1042.5,False,36,1170.0,2.0,DP,20.0,False,False,False,False,False,False,36,36,3,大辊线,3
0030082156-000380#M654,0030082156-000380,HC340/590DP,DP,1185.0,2.0,840.0,21.5,96.0,2025-10-31,大辊,big_only,3.0,840.0,840.0,big_roll,2025-10-31,big_only,18,1042.5,False,37,1150.0,2.0,DP,-35.0,True,False,False,False,False,False,37,37,4,大辊线,4
0030083753-000050#M453,0030083753-000050,HC340/590DP,DP,1192.0,1.15,840.0,21.5,96.0,2025-10-31,大辊,big_only,3.0,840.0,840.0,big_roll,2025-10-31,big_only,19,1042.5,False,38,,,,,False,False,False,False,False,False,38,38,1,大辊线,1
0030084876-000020#M216,0030084876-000020,HC340/590DP,DP,1125.0,1.0,840.0,21.5,66.0,2025-10-31,大辊,big_only,3.0,840.0,840.0,big_roll,2025-10-31,big_only,19,1042.5,False,39,1192.0,1.15,DP,67.0,False,False,False,False,False,False,39,39,2,大辊线,2
0030082156-000350#M677,0030082156-000350,HC340/590DP,DP,1100.0,2.0,840.0,21.5,66.0,2025-10-31,大辊,big_only,3.0,840.0,840.0,big_roll,2025-10-31,big_only,20,1042.5,False,40,,,,,False,False,False,False,False,False,40,40,1,大辊线,1
0020049084-000040#M700,0020049084-000040,DC01,PC,1803.0,0.9,810.0,25.5,120.0,2025-10-31,大辊/小辊,dual,1.0,810.0,810.0,small_roll,2025-10-31,dual,1,1711.0,False,41,,,,,False,False,False,False,False,False,41,1,1,小辊线,1
0020049085-000010#M701,0020049085-000010,DC01,PC,1803.0,1.0,810.0,25.5,210.0,2025-10-31,大辊/小辊,dual,1.0,810.0,810.0,small_roll,2025-10-31,dual,1,1711.0,False,42,1803.0,0.9,PC,0.0,False,False,False,False,False,False,42,2,2,小辊线,2
0020049084-000060#M698,0020049084-000060,DC01,PC,1803.0,1.0,810.0,25.5,150.0,2025-10-31,大辊/小辊,dual,1.0,810.0,810.0,small_roll,2025-10-31,dual,1,1711.0,False,43,1803.0,1.0,PC,0.0,False,False,False,False,False,False,43,3,3,小辊线,3
0020050205-000040#M290,0020050205-000040,DC01,PC,1700.0,0.8,810.0,25.5,53.54,2025-10-31,大辊/小辊,dual,1.0,810.0,810.0,small_roll,2025-10-31,dual,1,1711.0,False,44,1803.0,1.0,PC,103.0,False,False,False,False,False,False,44,4,4,小辊线,4
0030084012-000010#M280,0030084012-000010,DC01,PC,1680.0,0.8,810.0,24.0,130.0,2025-10-31,大辊/小辊,dual,1.0,810.0,810.0,small_roll,2025-10-31,dual,1,1711.0,False,45,1700.0,0.8,PC,20.0,False,False,False,False,False,False,45,5,5,小辊线,5
0030081238-000020#M706,0030081238-000020,T1500HS,HOTFORM,1600.0,1.5,840.0,24.0,156.0,2025-10-15,5.0小辊,small_only,3.0,840.0,840.0,small_roll,2025-10-15,small_only,2,1711.0,False,46,,,,,False,False,False,False,False,False,46,6,1,小辊线,1
0030081238-000050#M708,0030081238-000050,T1500HS,HOTFORM,1600.0,1.4,840.0,24.0,104.0,2025-10-15,5.0小辊,small_only,3.0,840.0,840.0,small_roll,2025-10-15,small_only,2,1711.0,False,47,1600.0,1.5,HOTFORM,0.0,False,False,False,False,False,False,47,7,2,小辊线,2
0030081238-000030#M707,0030081238-000030,T1500HS,HOTFORM,1600.0,1.4,840.0,24.0,78.0,2025-10-15,5.0小辊,small_only,3.0,840.0,840.0,small_roll,2025-10-15,small_only,2,1711.0,False,48,1600.0,1.4,HOTFORM,0.0,False,False,False,False,False,False,48,8,3,小辊线,3
0030081238-000010#M705,0030081238-000010,T1500HS,HOTFORM,1600.0,1.8,840.0,24.0,248.22,2025-10-15,5.0小辊,small_only,3.0,840.0,840.0,small_roll,2025-10-15,small_only,2,1711.0,False,49,1600.0,1.4,HOTFORM,0.0,False,False,False,False,False,False,49,9,4,小辊线,4
0030085399-000070#M137,0030085399-000070,T1500HS,HOTFORM,1599.0,1.5,840.0,24.0,104.0,2025-11-15,5.0小辊,small_only,3.0,840.0,840.0,small_roll,2025-11-15,small_only,2,1711.0,False,50,1600.0,1.8,HOTFORM,1.0,False,False,False,False,False,False,50,10,5,小辊线,5
0030081403-000060#M703,0030081403-000060,T1500HS,HOTFORM,1599.0,1.2,840.0,24.0,104.0,2025-10-15,5.0小辊,small_only,3.0,840.0,840.0,small_roll,2025-10-15,small_only,2,1711.0,False,51,1599.0,1.5,HOTFORM,0.0,False,False,False,False,False,False,51,11,6,小辊线,6
0030081238-000040#M710,0030081238-000040,T1500HS,HOTFORM,1590.0,1.4,840.0,24.0,806.0,2025-10-15,5.0小辊,small_only,3.0,840.0,840.0,small_roll,2025-10-15,small_only,2,1711.0,False,52,1599.0,1.2,HOTFORM,9.0,False,False,False,False,False,False,52,12,7,小辊线,7
0030085363-000020#M119,0030085363-000020,T1500HS,HOTFORM,1568.0,1.6,840.0,24.0,234.0,2025-12-15,5.0小辊,small_only,3.0,840.0,840.0,small_roll,2025-12-15,small_only,2,1711.0,False,53,1590.0,1.4,HOTFORM,22.0,False,False,False,False,False,False,53,13,8,小辊线,8
0030085346-000010#M116,0030085346-000010,T1500HS,HOTFORM,1563.0,1.4,840.0,24.0,676.0,2025-11-15,5.0小辊,small_only,3.0,840.0,840.0,small_roll,2025-11-15,small_only,2,1711.0,False,54,1568.0,1.6,HOTFORM,5.0,False,False,False,False,False,False,54,14,9,小辊线,9
0030081403-000040#M702,0030081403-000040,T1500HS,HOTFORM,1558.0,1.2,840.0,24.0,104.0,2025-10-15,5.0小辊,small_only,3.0,840.0,840.0,small_roll,2025-10-15,small_only,2,1711.0,False,55,1563.0,1.4,HOTFORM,5.0,False,False,False,False,False,False,55,15,10,小辊线,10
0030083730-000010#M460,0030083730-000010,T1500HS,HOTFORM,1540.0,1.4,840.0,24.0,400.0,2025-11-15,5.0小辊,small_only,3.0,840.0,840.0,small_roll,2025-11-15,small_only,2,1711.0,False,56,1558.0,1.2,HOTFORM,18.0,False,False,False,False,False,False,56,16,11,小辊线,11
0030085364-000030#M123,0030085364-000030,T1500HS,HOTFORM,1500.0,1.2,840.0,24.0,78.0,2025-11-15,5.0小辊,small_only,3.0,840.0,840.0,small_roll,2025-11-15,small_only,2,1711.0,False,57,1540.0,1.4,HOTFORM,40.0,False,False,False,False,False,False,57,17,12,小辊线,12
VIRTUAL-00001,,VIRTUAL_PC,普碳,1500.0,0.7,810.0,0.0,,,,,,790.0,830.0,small_roll,,,3,1711.0,True,58,,,,,False,False,False,False,False,False,58,18,1,小辊线,0
0020049982-000020#M447,0020049982-000020,DC01,PC,1500.0,0.8,810.0,24.0,192.0,2025-10-31,大辊/小辊,dual,1.0,810.0,810.0,small_roll,2025-10-31,dual,3,1711.0,False,59,1500.0,0.7,普碳,0.0,False,False,False,False,True,False,59,19,2,小辊线,1
0020049983-000060#M422,0020049983-000060,DC01,PC,1500.0,0.9,810.0,24.0,121.98,2025-10-31,大辊/小辊,dual,1.0,810.0,810.0,small_roll,2025-10-31,dual,3,1711.0,False,60,1500.0,0.8,PC,0.0,False,False,False,False,False,False,60,20,3,小辊线,2
0020050276-000040#M254,0020050276-000040,DC01,PC,1500.0,1.0,810.0,24.0,53.48,2025-10-31,大辊/小辊,dual,1.0,810.0,810.0,small_roll,2025-10-31,dual,3,1711.0,False,61,1500.0,0.9,PC,0.0,False,False,False,False,False,False,61,21,4,小辊线,3
0020050276-000050#M262,0020050276-000050,DC01,PC,1500.0,1.2,810.0,24.0,78.0,2025-10-31,大辊/小辊,dual,1.0,810.0,810.0,small_roll,2025-10-31,dual,3,1711.0,False,62,1500.0,1.0,PC,0.0,False,False,False,False,False,False,62,22,5,小辊线,4
0020049981-000050#M441,0020049981-000050,DC01,PC,1500.0,1.0,810.0,24.0,78.0,2025-10-31,大辊/小辊,dual,1.0,810.0,810.0,small_roll,2025-10-31,dual,3,1711.0,False,63,1500.0,1.2,PC,0.0,False,False,False,False,False,False,63,23,6,小辊线,5
0020049983-000080#M429,0020049983-000080,DC01,PC,1500.0,1.1,810.0,24.0,78.0,2025-10-31,大辊/小辊,dual,1.0,810.0,810.0,small_roll,2025-10-31,dual,3,1711.0,False,64,1500.0,1.0,PC,0.0,False,False,False,False,False,False,64,24,7,小辊线,6
0020050208-000010#M272,0020050208-000010,DC01,PC,1500.0,1.0,810.0,24.0,104.0,2025-10-31,大辊/小辊,dual,1.0,810.0,810.0,small_roll,2025-10-31,dual,3,1711.0,False,65,1500.0,1.1,PC,0.0,False,False,False,False,False,False,65,25,8,小辊线,7
0020050208-000020#M275,0020050208-000020,DC01,PC,1500.0,1.2,810.0,24.0,104.0,2025-10-31,大辊/小辊,dual,1.0,810.0,810.0,small_roll,2025-10-31,dual,3,1711.0,False,66,1500.0,1.0,PC,0.0,False,False,False,False,False,False,66,26,9,小辊线,8
0020049967-000040#M466,0020049967-000040,DC01-D,PC,1500.0,1.2,815.0,24.0,156.0,2025-10-31,大辊/小辊,dual,1.0,815.0,815.0,small_roll,2025-10-31,dual,3,1711.0,False,67,1500.0,1.2,PC,0.0,False,False,False,False,False,False,67,27,10,小辊线,9
0020049965-000050#M458,0020049965-000050,DC01-D,PC,1500.0,1.2,815.0,24.0,130.0,2025-10-31,大辊/小辊,dual,1.0,815.0,815.0,small_roll,2025-10-31,dual,3,1711.0,False,68,1500.0,1.2,PC,0.0,False,False,False,False,False,False,68,28,11,小辊线,10
0020049966-000080#M455,0020049966-000080,DC01-D,PC,1500.0,1.5,815.0,24.0,52.0,2025-10-31,大辊/小辊,dual,1.0,815.0,815.0,small_roll,2025-10-31,dual,3,1711.0,False,69,1500.0,1.2,PC,0.0,False,False,False,False,False,False,69,29,12,小辊线,11
0020049964-000110#M450,0020049964-000110,DC01-D,PC,1500.0,1.9,815.0,24.0,53.72,2025-10-31,大辊/小辊,dual,1.0,815.0,815.0,small_roll,2025-10-31,dual,3,1711.0,False,70,1500.0,1.5,PC,0.0,False,False,False,False,False,False,70,30,13,小辊线,12
0020049964-000100#M477,0020049964-000100,DC01-D,PC,1500.0,1.8,815.0,24.0,182.0,2025-10-31,大辊/小辊,dual,1.0,815.0,815.0,small_roll,2025-10-31,dual,3,1711.0,False,71,1500.0,1.9,PC,0.0,False,False,False,False,False,False,71,31,14,小辊线,13
0020049966-000050#M462,0020049966-000050,DC01-D,PC,1500.0,1.35,815.0,24.0,52.0,2025-10-31,大辊/小辊,dual,1.0,815.0,815.0,small_roll,2025-10-31,dual,3,1711.0,False,72,1500.0,1.8,PC,0.0,False,False,False,False,False,False,72,32,15,小辊线,14
0020049966-000070#M463,0020049966-000070,DC01-D,PC,1500.0,1.45,815.0,24.0,52.0,2025-10-31,大辊/小辊,dual,1.0,815.0,815.0,small_roll,2025-10-31,dual,3,1711.0,False,73,1500.0,1.35,PC,0.0,False,False,False,False,False,False,73,33,16,小辊线,15
0020049964-000090#M472,0020049964-000090,DC01-D,PC,1500.0,1.75,815.0,24.0,182.0,2025-10-31,大辊/小辊,dual,1.0,815.0,815.0,small_roll,2025-10-31,dual,3,1711.0,False,74,1500.0,1.45,PC,0.0,False,False,False,False,False,False,74,34,17,小辊线,16
0020049966-000090#M475,0020049966-000090,DC01-D,PC,1500.0,1.8,815.0,24.0,52.0,2025-10-31,大辊/小辊,dual,1.0,815.0,815.0,small_roll,2025-10-31,dual,3,1711.0,False,75,1500.0,1.75,PC,0.0,False,False,False,False,False,False,75,35,18,小辊线,17
0020049964-000070#M464,0020049964-000070,DC01-D,PC,1500.0,1.5,815.0,24.0,182.0,2025-10-31,大辊/小辊,dual,1.0,815.0,815.0,small_roll,2025-10-31,dual,3,1711.0,False,76,1500.0,1.8,PC,0.0,False,False,False,False,False,False,76,36,19,小辊线,18
0020049964-000040#M476,0020049964-000040,DC01-D,PC,1500.0,1.2,815.0,24.0,52.0,2025-10-31,大辊/小辊,dual,1.0,815.0,815.0,small_roll,2025-10-31,dual,3,1711.0,False,77,1500.0,1.5,PC,0.0,False,False,False,False,False,False,77,37,20,小辊线,19
0020049966-000040#M471,0020049966-000040,DC01-D,PC,1500.0,1.2,815.0,24.0,52.0,2025-10-31,大辊/小辊,dual,1.0,815.0,815.0,small_roll,2025-10-31,dual,3,1711.0,False,78,1500.0,1.2,PC,0.0,False,False,False,False,False,False,78,38,21,小辊线,20
0020049964-000060#M452,0020049964-000060,DC01-D,PC,1500.0,1.4,815.0,24.0,156.0,2025-10-31,大辊/小辊,dual,1.0,815.0,815.0,small_roll,2025-10-31,dual,3,1711.0,False,79,1500.0,1.2,PC,0.0,False,False,False,False,False,False,79,39,22,小辊线,21
0020049966-000060#M467,0020049966-000060,DC01-D,PC,1500.0,1.4,815.0,24.0,52.0,2025-10-31,大辊/小辊,dual,1.0,815.0,815.0,small_roll,2025-10-31,dual,3,1711.0,False,80,1500.0,1.4,PC,0.0,False,False,False,False,False,False,80,40,23,小辊线,22
0020049964-000050#M474,0020049964-000050,DC01-D,PC,1500.0,1.35,815.0,24.0,131.62,2025-10-31,大辊/小辊,dual,1.0,815.0,815.0,small_roll,2025-10-31,dual,3,1711.0,False,81,1500.0,1.4,PC,0.0,False,False,False,False,False,False,81,41,24,小辊线,23
0020050276-000060#M263,0020050276-000060,DC01,PC,1500.0,1.5,810.0,24.0,78.0,2025-10-31,大辊/小辊,dual,1.0,810.0,810.0,small_roll,2025-10-31,dual,3,1711.0,False,82,1500.0,1.35,PC,0.0,False,False,False,False,False,False,82,42,25,小辊线,24
0020050276-000070#M264,0020050276-000070,DC01,PC,1500.0,1.8,810.0,24.0,78.0,2025-10-31,大辊/小辊,dual,1.0,810.0,810.0,small_roll,2025-10-31,dual,3,1711.0,False,83,1500.0,1.5,PC,0.0,False,False,False,False,False,False,83,43,26,小辊线,25
0020050208-000050#M266,0020050208-000050,DC01,PC,1500.0,1.5,810.0,24.0,104.0,2025-10-31,大辊/小辊,dual,1.0,810.0,810.0,small_roll,2025-10-31,dual,3,1711.0,False,84,1500.0,1.8,PC,0.0,False,False,False,False,False,False,84,44,27,小辊线,26
0020050208-000080#M267,0020050208-000080,DC01,PC,1500.0,1.95,810.0,24.0,52.0,2025-10-31,大辊/小辊,dual,1.0,810.0,810.0,small_roll,2025-10-31,dual,3,1711.0,False,85,1500.0,1.5,PC,0.0,False,False,False,False,False,False,85,45,28,小辊线,27
0020049981-000070#M438,0020049981-000070,DC01,PC,1500.0,2.0,810.0,24.0,78.0,2025-10-31,大辊/小辊,dual,1.0,810.0,810.0,small_roll,2025-10-31,dual,3,1711.0,False,86,1500.0,1.95,PC,0.0,False,False,False,False,False,False,86,46,29,小辊线,28
0020050276-000030#M260,0020050276-000030,DC01,PC,1500.0,2.0,810.0,24.0,52.0,2025-10-31,大辊/小辊,dual,1.0,810.0,810.0,small_roll,2025-10-31,dual,3,1711.0,False,87,1500.0,2.0,PC,0.0,False,False,False,False,False,False,87,47,30,小辊线,29
0020050276-000020#M256,0020050276-000020,DC01,PC,1500.0,1.8,810.0,24.0,78.0,2025-10-31,大辊/小辊,dual,1.0,810.0,810.0,small_roll,2025-10-31,dual,3,1711.0,False,88,1500.0,2.0,PC,0.0,False,False,False,False,False,False,88,48,31,小辊线,30
0020050208-000060#M270,0020050208-000060,DC01,PC,1500.0,1.8,810.0,24.0,78.0,2025-10-31,大辊/小辊,dual,1.0,810.0,810.0,small_roll,2025-10-31,dual,3,1711.0,False,89,1500.0,1.8,PC,0.0,False,False,False,False,False,False,89,49,32,小辊线,31
0020050276-000080#M257,0020050276-000080,DC01,PC,1500.0,2.0,810.0,24.0,52.0,2025-10-31,大辊/小辊,dual,1.0,810.0,810.0,small_roll,2025-10-31,dual,3,1711.0,False,90,1500.0,1.8,PC,0.0,False,False,False,False,False,False,90,50,33,小辊线,32
0020050208-000090#M274,0020050208-000090,DC01,PC,1500.0,2.0,810.0,24.0,104.0,2025-10-31,大辊/小辊,dual,1.0,810.0,810.0,small_roll,2025-10-31,dual,3,1711.0,False,91,1500.0,2.0,PC,0.0,False,False,False,False,False,False,91,51,34,小辊线,33
0020049983-000130#M424,0020049983-000130,DC01,PC,1500.0,1.5,810.0,24.0,78.0,2025-10-31,大辊/小辊,dual,1.0,810.0,810.0,small_roll,2025-10-31,dual,3,1711.0,False,92,1500.0,2.0,PC,0.0,False,False,False,False,False,False,92,52,35,小辊线,34
0020049981-000040#M448,0020049981-000040,DC01,PC,1500.0,1.5,810.0,24.0,104.0,2025-10-31,大辊/小辊,dual,1.0,810.0,810.0,small_roll,2025-10-31,dual,3,1711.0,False,93,1500.0,1.5,PC,0.0,False,False,False,False,False,False,93,53,36,小辊线,35
0020049981-000020#M440,0020049981-000020,DC01,PC,1500.0,1.2,810.0,24.0,104.0,2025-10-31,大辊/小辊,dual,1.0,810.0,810.0,small_roll,2025-10-31,dual,3,1711.0,False,94,1500.0,1.5,PC,0.0,False,False,False,False,False,False,94,54,37,小辊线,36
0030083983-000040#M321,0030083983-000040,Q235,普碳,1482.0,1.0,805.0,24.0,52.0,2025-10-31,小辊,small_only,1.0,805.0,805.0,small_roll,2025-10-31,small_only,4,609.5,False,95,,,,,False,False,False,False,False,False,95,55,1,小辊线,1
0030081403-000050#M704,0030081403-000050,T1500HS,HOTFORM,1455.0,1.2,840.0,24.0,104.0,2025-10-15,5.0小辊,small_only,3.0,840.0,840.0,small_roll,2025-10-15,small_only,4,609.5,False,96,1482.0,1.0,普碳,27.0,False,False,False,False,True,False,96,56,2,小辊线,2
0030085364-000040#M141,0030085364-000040,T1500HS,HOTFORM,1448.0,1.6,840.0,24.0,78.0,2025-11-15,5.0小辊,small_only,3.0,840.0,840.0,small_roll,2025-11-15,small_only,5,1711.0,False,97,,,,,False,False,False,False,False,False,97,57,1,小辊线,1
0030083983-000060#M331,0030083983-000060,Q235,普碳,1445.0,1.2,805.0,24.0,52.0,2025-10-31,小辊,small_only,1.0,805.0,805.0,small_roll,2025-10-31,small_only,5,609.5,False,98,1448.0,1.6,HOTFORM,3.0,False,False,False,False,True,False,98,58,2,小辊线,2
0030084275-000050#M271,0030084275-000050,Q235B,普碳,1417.0,1.2,805.0,21.5,52.0,2025-10-31,小辊,small_only,1.0,805.0,805.0,small_roll,2025-10-31,small_only,5,1711.0,False,99,1445.0,1.2,普碳,28.0,False,False,False,False,False,False,99,59,3,小辊线,3
0030084275-000010#M328,0030084275-000010,HC420LA,低合金高强,1397.0,1.5,790.0,21.5,130.0,2025-10-31,小辊,small_only,1.0,790.0,790.0,small_roll,2025-10-31,small_only,5,609.5,False,100,1417.0,1.2,普碳,20.0,False,False,False,False,True,False,100,60,4,小辊线,4
0030084418-000010#M292,0030084418-000010,HC300LA,低合金高强,1270.0,1.47,760.0,22.5,75.0,2025-10-31,小辊,small_only,1.0,760.0,760.0,small_roll,2025-10-31,small_only,6,1711.0,False,101,,,,,False,False,False,False,False,False,101,61,1,小辊线,1
0020050205-000100#M308,0020050205-000100,DC01,PC,1250.0,1.2,810.0,21.5,194.8,2025-10-31,大辊/小辊,dual,1.0,810.0,810.0,small_roll,2025-10-31,dual,7,1711.0,False,102,,,,,False,False,False,False,False,False,102,62,1,小辊线,1
0020050205-000070#M299,0020050205-000070,DC01,PC,1250.0,1.0,810.0,21.5,120.0,2025-10-31,大辊/小辊,dual,1.0,810.0,810.0,small_roll,2025-10-31,dual,7,1711.0,False,103,1250.0,1.2,PC,0.0,False,False,False,False,False,False,103,63,2,小辊线,2
0020049982-000010#M439,0020049982-000010,DC01,PC,1250.0,0.8,810.0,21.5,217.4,2025-10-31,大辊/小辊,dual,1.0,810.0,810.0,small_roll,2025-10-31,dual,7,1711.0,False,104,1250.0,1.0,PC,0.0,False,False,False,False,False,False,104,64,3,小辊线,3
0030085323-000020#M100,0030085323-000020,HC340LA,低合金高强,1194.0,0.7,800.0,21.5,72.0,2025-10-31,小辊,small_only,1.0,800.0,800.0,small_roll,2025-10-31,small_only,8,1711.0,False,105,,,,,False,False,False,False,False,False,105,65,1,小辊线,1
0030085364-000070#M131,0030085364-000070,T1500HS,HOTFORM,1125.0,1.8,840.0,21.5,66.0,2025-11-15,5.0小辊,small_only,3.0,840.0,840.0,small_roll,2025-11-15,small_only,9,609.5,False,106,,,,,False,False,False,False,False,False,106,66,1,小辊线,1
0020049280-000020#M607,0020049280-000020,DC01,PC,919.0,0.9,810.0,18.5,84.8,2025-11-15,大辊/小辊,dual,1.0,810.0,810.0,small_roll,2025-11-15,dual,10,609.5,False,107,,,,,False,False,False,False,False,False,107,67,1,小辊线,1
0020049280-000030#M610,0020049280-000030,DC01,PC,919.0,1.0,810.0,18.5,210.0,2025-11-15,大辊/小辊,dual,1.0,810.0,810.0,small_roll,2025-11-15,dual,10,609.5,False,108,919.0,0.9,PC,0.0,False,False,False,False,False,False,108,68,2,小辊线,2
0020050289-000010#M245,0020050289-000010,DC01,PC,919.0,1.0,810.0,18.5,150.0,2025-11-15,大辊/小辊,dual,1.0,810.0,810.0,small_roll,2025-11-15,dual,10,609.5,False,109,919.0,1.0,PC,0.0,False,False,False,False,False,False,109,69,3,小辊线,3
0020049281-000030#M602,0020049281-000030,DC01,PC,919.0,1.0,810.0,18.5,172.92,2025-11-15,大辊/小辊,dual,1.0,810.0,810.0,small_roll,2025-11-15,dual,10,609.5,False,110,919.0,1.0,PC,0.0,False,False,False,False,False,False,110,70,4,小辊线,4
0020049282-000020#M606,0020049282-000020,DC01,PC,919.0,1.0,810.0,18.5,180.0,2025-11-15,大辊/小辊,dual,1.0,810.0,810.0,small_roll,2025-11-15,dual,10,609.5,False,111,919.0,1.0,PC,0.0,False,False,False,False,False,False,111,71,5,小辊线,5
0020050288-000010#M242,0020050288-000010,DC01,PC,919.0,1.0,810.0,18.5,120.0,2025-11-15,大辊/小辊,dual,1.0,810.0,810.0,small_roll,2025-11-15,dual,10,609.5,False,112,919.0,1.0,PC,0.0,False,False,False,False,False,False,112,72,6,小辊线,6
0020049281-000040#M605,0020049281-000040,DC01,PC,919.0,1.2,810.0,18.5,204.0,2025-11-15,大辊/小辊,dual,1.0,810.0,810.0,small_roll,2025-11-15,dual,10,609.5,False,113,919.0,1.0,PC,0.0,False,False,False,False,False,False,113,73,7,小辊线,7
0020048032-000020#M711,0020048032-000020,DC01,PC,927.0,1.0,810.0,18.5,87.06,2025-10-15,大辊/小辊,dual,1.0,810.0,810.0,small_roll,2025-10-15,dual,10,609.5,False,114,919.0,1.2,PC,-8.0,True,False,False,False,False,False,114,74,8,小辊线,8
